canonical_form_id,court_type,form_number,official_title,procedure_stage,official_source_result,source_revision_status,required_structured_fact,user_facing_status,classification,reason
"b31eb92d-3e89-4b22-ab61-021d00301675","civil","","Actions","general","not researched in current official-source queue","not verified","","court-only","court-only-not-user-facing","Not present in the current court_form_clean_view; no user-facing purpose is inferred."
"87bf3249-c9d4-4aa3-9c44-8b457617fae0","civil","","Appearance","general","not researched in current official-source queue","not verified","","court-only","court-only-not-user-facing","Not present in the current court_form_clean_view; no user-facing purpose is inferred."
"e329b1fb-341a-4ff2-a77f-02eab963b7ec","civil","","Application","general","not researched in current official-source queue","not verified","","court-only","court-only-not-user-facing","Not present in the current court_form_clean_view; no user-facing purpose is inferred."
"5d4d2fd0-ed5f-47f8-ba92-57e2e8144158","civil","","Backsheet","general","not researched in current official-source queue","not verified","","court-only","court-only-not-user-facing","Not present in the current court_form_clean_view; no user-facing purpose is inferred."
"ade89fcc-0810-49d2-94d6-db807394458c","civil","","Claim","general","not researched in current official-source queue","not verified","","court-only","court-only-not-user-facing","Not present in the current court_form_clean_view; no user-facing purpose is inferred."
"56b5528f-7662-489b-a20c-62eef666b7a0","civil","","Defence","general","not researched in current official-source queue","not verified","","court-only","court-only-not-user-facing","Not present in the current court_form_clean_view; no user-facing purpose is inferred."
"782e2c60-3c19-4c95-9444-04e3ba0707af","civil","","Motion","general","not researched in current official-source queue","not verified","","court-only","court-only-not-user-facing","Not present in the current court_form_clean_view; no user-facing purpose is inferred."
"8af64c4a-f57a-4750-a887-cc99578e1c19","civil","","Service","general","not researched in current official-source queue","not verified","","court-only","court-only-not-user-facing","Not present in the current court_form_clean_view; no user-facing purpose is inferred."
"e00e7f8a-c30c-4718-9881-1c2fd3876e3f","civil","Form 01A","1A Notice of Objection to Proposed Method of Attendance","general","not researched in current official-source queue","not verified","","user-facing catalogue record","official-identity-ambiguous","Catalogue stage is 'general', so an exact mapping cannot be planned from the export alone."
"f731648b-1770-4f56-a968-80a1bda6066e","civil","Form 04C","4C Backsheet","general","not researched in current official-source queue","not verified","","user-facing catalogue record","official-identity-ambiguous","Catalogue stage is 'general', so an exact mapping cannot be planned from the export alone."
"8e9ef184-e494-4846-98bd-bc61a04981fb","civil","Form 11A","Order to Continue (Transfer or Transmission of Interest)","general","not researched in current official-source queue","not verified","","user-facing catalogue record","official-identity-ambiguous","Catalogue stage is 'general', so an exact mapping cannot be planned from the export alone."
"1fead613-b24b-4797-b73c-0edfeb2af3d7","civil","Form 14A","Statement of Claim (General)","starting-case","not researched in current official-source queue","not verified","","user-facing catalogue record","mapped-and-verified","Active exact canonical mapping in readonly export."
"288eb910-b3c4-4389-8865-447d8006b3fc","civil","Form 14B","Statement of Claim (Mortgage Action - Foreclosure)","starting-case","verified-catalogue-source","June 9, 2014","","user-facing catalogue record","complex-review-required","No precise governing Rule/statute pinpoint and fail-closed applicability boundary were proved in this pass; remain review-required."
"6818851a-28d9-4fda-ba4f-5fde2ee0c4aa","civil","Form 14C","Notice of Action","general","not researched in current official-source queue","not verified","","user-facing catalogue record","official-identity-ambiguous","Catalogue stage is 'general', so an exact mapping cannot be planned from the export alone."
"2db1df05-7208-4335-9cde-827f55a3c596","civil","Form 14D","Statement of Claim (Action Commenced by Notice of Action)","starting-case","verified-catalogue-source","July 1, 2007","","user-facing catalogue record","complex-review-required","No precise governing Rule/statute pinpoint and fail-closed applicability boundary were proved in this pass; remain review-required."
"b0c7dac1-a753-44ca-a7a0-d0eaf0dd616f","civil","Form 14E","1 Notice of Application under Subsection 140(3) of the Courts of Justice Act","starting-case","unavailable-official-page","not verified","","user-facing catalogue record","provenance-missing","No current official page was returned at the deterministic official-form URL; do not infer an alternate source."
"fa7b803d-d4a4-4503-bc1e-6593cafe28dd","civil","Form 14E","Notice of Application","starting-case","unavailable-official-page","not verified","","user-facing catalogue record","provenance-missing","No current official page was returned at the deterministic official-form URL; do not infer an alternate source."
"f1074b10-5a1d-4b11-aae1-05751609eb63","civil","Form 14F","Information for Court Use","general","not researched in current official-source queue","not verified","","user-facing catalogue record","official-identity-ambiguous","Catalogue stage is 'general', so an exact mapping cannot be planned from the export alone."
"ab371767-13b9-446d-a292-dfd5b101c9f4","civil","Form 15A","Notice of Change of Lawyer","general","not researched in current official-source queue","not verified","","user-facing catalogue record","official-identity-ambiguous","Catalogue stage is 'general', so an exact mapping cannot be planned from the export alone."
"7c90d2f7-79ea-4406-bffc-006b1caa8822","civil","Form 15B","Notice of Appointment of Lawyer","general","not researched in current official-source queue","not verified","","user-facing catalogue record","official-identity-ambiguous","Catalogue stage is 'general', so an exact mapping cannot be planned from the export alone."
"c527548f-a52f-4c27-95e3-72a0e18c13d1","civil","Form 15C","Notice of Intention to Act in Person","general","not researched in current official-source queue","not verified","","user-facing catalogue record","official-identity-ambiguous","Catalogue stage is 'general', so an exact mapping cannot be planned from the export alone."
"4b4905b1-28ca-4f2f-a8a4-02481b92e639","civil","Form 16A","Acknowledgment of Receipt Card","general","not researched in current official-source queue","not verified","","user-facing catalogue record","official-identity-ambiguous","Catalogue stage is 'general', so an exact mapping cannot be planned from the export alone."
"14027a79-2f28-4df2-9627-6bb31cdce897","civil","Form 16B","1 Lawyer's Certificate of Service","already-started","unavailable-official-page","not verified","","user-facing catalogue record","provenance-missing","No current official page was returned at the deterministic official-form URL; do not infer an alternate source."
"952b0ad2-1599-4815-be23-d2dfb5aee75d","civil","Form 16B","Affidavit of Service","already-started","not researched in current official-source queue","not verified","","user-facing catalogue record","mapped-and-verified","Active exact canonical mapping in readonly export."
"5bbcf179-f4ef-40ed-a3e2-05e1a4b086a7","civil","Form 16C","Certificate of Service by Sheriff","already-started","verified-catalogue-source","Nov. 1, 2005","","user-facing catalogue record","complex-review-required","No precise governing Rule/statute pinpoint and fail-closed applicability boundary were proved in this pass; remain review-required."
"7988836d-cec8-4a2e-9352-5cbd4b8dc79a","civil","Form 17A","Request for Service Abroad of Judicial or Extrajudicial Documents","already-started","ambiguous-official-identity","Nov. 1, 2005","","user-facing catalogue record","provenance-missing","Official page form number matched, but the page title does not exactly match the catalogue title."
"8b9a3028-beb1-4659-b0e4-35e711cafa07","civil","Form 17B","Summary of the Document to be Served","general","not researched in current official-source queue","not verified","","user-facing catalogue record","official-identity-ambiguous","Catalogue stage is 'general', so an exact mapping cannot be planned from the export alone."
"39d222ef-c39d-4e2f-bfa8-fa4c46c8c244","civil","Form 17C","Notice and Summary of Document","general","not researched in current official-source queue","not verified","","user-facing catalogue record","official-identity-ambiguous","Catalogue stage is 'general', so an exact mapping cannot be planned from the export alone."
"502cd465-720a-4d71-8b6c-a7eefe788657","civil","Form 18A","Statement of Defence","responding","not researched in current official-source queue","not verified","","user-facing catalogue record","mapped-and-verified","Active exact canonical mapping in readonly export."
"38ecdb74-266d-4b46-908e-ddccfb3030df","civil","Form 18B","Notice of Intent to Defend","general","not researched in current official-source queue","not verified","","user-facing catalogue record","mapped-and-verified","Active exact canonical mapping in readonly export."
"31ba2c6d-f747-4256-a6a9-9c1f83687292","civil","Form 19A","Default Judgment (Debt or Liquidated Demand)","general","not researched in current official-source queue","not verified","","user-facing catalogue record","official-identity-ambiguous","Catalogue stage is 'general', so an exact mapping cannot be planned from the export alone."
"99dfd529-cf20-40e3-a627-92c9f166f04b","civil","Form 19B","Default Judgment (Recovery of Possession of Land)","general","not researched in current official-source queue","not verified","","user-facing catalogue record","official-identity-ambiguous","Catalogue stage is 'general', so an exact mapping cannot be planned from the export alone."
"32fa7081-0270-46cb-a8b8-ab53e20512d7","civil","Form 19C","Default Judgment (Recovery of Possession of Personal Property)","general","not researched in current official-source queue","not verified","","user-facing catalogue record","official-identity-ambiguous","Catalogue stage is 'general', so an exact mapping cannot be planned from the export alone."
"5072440a-f6d6-4961-b05c-ca94111b91d0","civil","Form 19D","Requisition for Default Judgment","general","not researched in current official-source queue","not verified","","user-facing catalogue record","official-identity-ambiguous","Catalogue stage is 'general', so an exact mapping cannot be planned from the export alone."
"c239081a-3db0-40c3-a58c-ff993bc14510","civil","Form 2","1A Request for Stay or Dismissal Under Rule 2.1","general","not researched in current official-source queue","not verified","","user-facing catalogue record","official-identity-ambiguous","Catalogue stage is 'general', so an exact mapping cannot be planned from the export alone."
"7e43e311-b120-4803-acf0-4d19cfc75b64","civil","Form 2","1B Notice That Proceeding (or Motion)","motion","unavailable-official-page","not verified","","user-facing catalogue record","provenance-missing","No current official page was returned at the deterministic official-form URL; do not infer an alternate source."
"113cb89d-3d82-4e39-bbbe-7932c0eea140","civil","Form 2","2A Notice of Motion for Vexatious Litigant Order","motion","unavailable-official-page","not verified","","user-facing catalogue record","provenance-missing","No current official page was returned at the deterministic official-form URL; do not infer an alternate source."
"1fea3b12-f2ba-4e6f-9a39-d4fd428ce105","civil","Form 2","2B Notice of Application for Vexatious Litigant Order","starting-case","unavailable-official-page","not verified","","user-facing catalogue record","provenance-missing","No current official page was returned at the deterministic official-form URL; do not infer an alternate source."
"30ee606a-240b-4fd1-8d56-3e04323a7b05","civil","Form 2","2C Registrar’s Notice Proposing Consideration of Vexatious Litigant Order","general","not researched in current official-source queue","not verified","","user-facing catalogue record","official-identity-ambiguous","Catalogue stage is 'general', so an exact mapping cannot be planned from the export alone."
"3a84155a-eb90-42b3-8703-1e8b3708987c","civil","Form 2","2D Response From Potential Subject of Vexatious Litigant Order","general","not researched in current official-source queue","not verified","","user-facing catalogue record","official-identity-ambiguous","Catalogue stage is 'general', so an exact mapping cannot be planned from the export alone."
"0e98c91c-9ae9-48ea-91a8-625d11caf71d","civil","Form 2","2E Reply Respecting Potential Vexatious Litigant Order","general","not researched in current official-source queue","not verified","","user-facing catalogue record","official-identity-ambiguous","Catalogue stage is 'general', so an exact mapping cannot be planned from the export alone."
"a9d40795-d0a7-461c-9218-1c912d2d20d1","civil","Form 2","2F Order Following Initial Review Under Rule 2.2","general","not researched in current official-source queue","not verified","","user-facing catalogue record","official-identity-ambiguous","Catalogue stage is 'general', so an exact mapping cannot be planned from the export alone."
"711c09eb-7514-4ed3-a6b3-8b1c235b97ab","civil","Form 2","2G Vexatious Litigant Order","general","not researched in current official-source queue","not verified","","user-facing catalogue record","official-identity-ambiguous","Catalogue stage is 'general', so an exact mapping cannot be planned from the export alone."
"a0c60fa0-f98d-4cdd-bd8b-f688cd8ac40e","civil","Form 22A","Special Case","general","not researched in current official-source queue","not verified","","user-facing catalogue record","official-identity-ambiguous","Catalogue stage is 'general', so an exact mapping cannot be planned from the export alone."
"9a8c6391-dbce-4799-8b42-ea5de17dccce","civil","Form 23A","Notice of Discontinuance","general","not researched in current official-source queue","not verified","","user-facing catalogue record","official-identity-ambiguous","Catalogue stage is 'general', so an exact mapping cannot be planned from the export alone."
"3949647e-4fa3-4287-abbc-48db14684cff","civil","Form 23B","Notice of Election to Proceed with Counterclaim","starting-case","verified-catalogue-source","July 1, 2007","","user-facing catalogue record","complex-review-required","No precise governing Rule/statute pinpoint and fail-closed applicability boundary were proved in this pass; remain review-required."
"11e57d83-ca3e-42a3-a4f4-d4de6848a449","civil","Form 23C","Notice of Withdrawal of Defence","responding","verified-catalogue-source","July 1, 2007","","user-facing catalogue record","complex-review-required","No precise governing Rule/statute pinpoint and fail-closed applicability boundary were proved in this pass; remain review-required."
"b6b9ad50-c0ee-4b4d-a926-163f4fc76c1d","civil","Form 24","1A Notice of Name of Mediator and Date of Session","general","not researched in current official-source queue","not verified","","user-facing catalogue record","official-identity-ambiguous","Catalogue stage is 'general', so an exact mapping cannot be planned from the export alone."
"7871e6a0-e300-437a-b2b1-92d41d507756","civil","Form 24","1B Notice by Assigned Mediator","general","not researched in current official-source queue","not verified","","user-facing catalogue record","official-identity-ambiguous","Catalogue stage is 'general', so an exact mapping cannot be planned from the export alone."
"60c7c331-c00b-4f1d-bc8d-837ea278bea1","civil","Form 24","1C Statement of Issues","general","not researched in current official-source queue","not verified","","user-facing catalogue record","official-identity-ambiguous","Catalogue stage is 'general', so an exact mapping cannot be planned from the export alone."
"6c290284-c1bf-45e5-bbad-44af2ee5202c","civil","Form 24","1D Certificate of Non-Compliance","general","not researched in current official-source queue","not verified","","user-facing catalogue record","official-identity-ambiguous","Catalogue stage is 'general', so an exact mapping cannot be planned from the export alone."
"d918ad2a-1cfd-475c-b057-4fc337da59af","civil","Form 25A","Reply","general","not researched in current official-source queue","not verified","","user-facing catalogue record","official-identity-ambiguous","Catalogue stage is 'general', so an exact mapping cannot be planned from the export alone."
"92121753-d5a5-45e5-9cb6-21b837de7c13","civil","Form 27A","Counterclaim (Against Parties to Main Action Only)","responding","verified-catalogue-source","July 1, 2007","formApplicability.civil.pleadingPosture=counterclaim-existing-parties","user-facing catalogue record","mapped-and-verified","Active exact canonical mapping in readonly export."
"a4c3343d-1ed5-4da3-b247-8460b5d27b3c","civil","Form 27B","Counterclaim (Against Plaintiff and Person not Already Party to Main Action)","responding","ambiguous-official-identity","July 1, 2007","","user-facing catalogue record","mapped-and-verified","Active exact canonical mapping in readonly export."
"8135da24-53f9-4360-a7c4-81d66fe8530a","civil","Form 27C","Defence to Counterclaim","responding","verified-catalogue-source","July 1, 2007","formApplicability.civil.pleadingPosture=defence-to-counterclaim","user-facing catalogue record","mapped-and-verified","Active exact canonical mapping in readonly export."
"a73f2f4c-8dc7-4bb6-a10b-a50e17a7d185","civil","Form 27D","Reply to Defence to Counterclaim","already-started","verified-catalogue-source","July 1, 2007","formApplicability.civil.pleadingPosture=reply-to-defence-to-counterclaim","user-facing catalogue record","mapped-and-verified","Active exact canonical mapping in readonly export."
"ce2bebe1-9c12-469f-bcca-ebb4d7968216","civil","Form 28A","Crossclaim","responding","verified-catalogue-source","July 1, 2007","formApplicability.civil.pleadingPosture=crossclaim","user-facing catalogue record","mapped-and-verified","Active exact canonical mapping in readonly export."
"2ed14ff3-cec2-4c95-baa7-54c94b923c3a","civil","Form 28B","Defence to Crossclaim","starting-case","not researched in current official-source queue","not verified","","user-facing catalogue record","complex-review-required","Explicitly excluded by the established Rule 28.05(2) safety boundary."
"b2cc9170-cb22-4087-843e-1b4ca4eb2620","civil","Form 28C","Reply to Defence to Crossclaim","already-started","verified-catalogue-source","July 1, 2007","formApplicability.civil.pleadingPosture=reply-to-defence-to-crossclaim","user-facing catalogue record","mapped-and-verified","Active exact canonical mapping in readonly export."
"b8d28c25-2b10-4450-a1f3-2d22f5ce2a8a","civil","Form 29A","Third Party Claim","starting-case","not researched in current official-source queue","not verified","","user-facing catalogue record","complex-review-required","Explicitly excluded by the established Rule 29.01 substantive-applicability safety boundary."
"cdba6867-648f-40be-ac57-8094d5f0db7d","civil","Form 29B","Third Party Defence","responding","not researched in current official-source queue","not verified","","user-facing catalogue record","mapped-and-verified","Active exact canonical mapping in readonly export."
"79f07cdf-6f02-4857-8402-1b77addfa7f6","civil","Form 29C","Reply to Third Party Defence","responding","verified-catalogue-source","July 1, 2007","formApplicability.civil.pleadingPosture=reply-to-third-party-defence","user-facing catalogue record","mapped-and-verified","Active exact canonical mapping in readonly export."
"b34fc468-f29b-4c23-94ce-a2b690231db6","civil","Form 30A","Affidavit of Documents (Individual)","general","not researched in current official-source queue","not verified","","user-facing catalogue record","official-identity-ambiguous","Catalogue stage is 'general', so an exact mapping cannot be planned from the export alone."
"61010cfd-60d5-46a2-9e0b-67296fb75faf","civil","Form 30B","Affidavit of Documents (Corporation or Partnership)","general","not researched in current official-source queue","not verified","","user-facing catalogue record","official-identity-ambiguous","Catalogue stage is 'general', so an exact mapping cannot be planned from the export alone."
"13b39e2b-ae76-4c87-81f8-8e1961379014","civil","Form 30C","Request to Inspect Documents","general","not researched in current official-source queue","not verified","","user-facing catalogue record","official-identity-ambiguous","Catalogue stage is 'general', so an exact mapping cannot be planned from the export alone."
"48fb7baa-2712-42fd-aa01-ecfe1bf565d8","civil","Form 34A","Notice of Examination","general","not researched in current official-source queue","not verified","","user-facing catalogue record","official-identity-ambiguous","Catalogue stage is 'general', so an exact mapping cannot be planned from the export alone."
"e8c3abfd-2e93-420d-bce9-42553365a66d","civil","Form 34B","Summons to Witness (Examination out of Court)","general","not researched in current official-source queue","not verified","","user-facing catalogue record","official-identity-ambiguous","Catalogue stage is 'general', so an exact mapping cannot be planned from the export alone."
"e756d0da-7541-43c2-b982-e3b19419de0f","civil","Form 34C","Commission","general","not researched in current official-source queue","not verified","","user-facing catalogue record","official-identity-ambiguous","Catalogue stage is 'general', so an exact mapping cannot be planned from the export alone."
"31a08c79-f14d-42d8-a379-2b40df2580bd","civil","Form 34D","Letter of Request","general","not researched in current official-source queue","not verified","","user-facing catalogue record","official-identity-ambiguous","Catalogue stage is 'general', so an exact mapping cannot be planned from the export alone."
"678de42f-e98b-44be-996b-687c70fe1dac","civil","Form 34E","Order for Commission and Letter of Request","general","not researched in current official-source queue","not verified","","user-facing catalogue record","official-identity-ambiguous","Catalogue stage is 'general', so an exact mapping cannot be planned from the export alone."
"8e353c49-1539-4dda-a00e-5ed2faa37b8a","civil","Form 35A","Questions on Written Examination for Discovery","enforcement","verified-catalogue-source","July 1, 2007","","user-facing catalogue record","complex-review-required","No precise governing Rule/statute pinpoint and fail-closed applicability boundary were proved in this pass; remain review-required."
"8227350b-fc15-4d4c-937e-08acee4aae7d","civil","Form 35B","Answers on Written Examination for Discovery","responding","unavailable-official-page","not verified","","user-facing catalogue record","provenance-missing","No current official page was returned at the deterministic official-form URL; do not infer an alternate source."
"1e9b6788-cb57-42d6-a732-fd8cef53d623","civil","Form 37A","Notice of Motion","motion","not researched in current official-source queue","not verified","","user-facing catalogue record","mapped-and-verified","Active exact canonical mapping in readonly export."
"c73b28fc-4028-40da-ba11-654fd891391d","civil","Form 37B","Confirmation of Motion","motion","verified-catalogue-source","May 15, 2024","","user-facing catalogue record","complex-review-required","No precise governing Rule/statute pinpoint and fail-closed applicability boundary were proved in this pass; remain review-required."
"a3249013-7bf0-486b-b54f-27addff9b01e","civil","Form 37C","Refusals and Undertakings Chart","general","not researched in current official-source queue","not verified","","user-facing catalogue record","official-identity-ambiguous","Catalogue stage is 'general', so an exact mapping cannot be planned from the export alone."
"34dbdb5d-4637-4c13-801a-d3aa1f4ab918","civil","Form 38A","Notice of Appearance","general","not researched in current official-source queue","not verified","","user-facing catalogue record","official-identity-ambiguous","Catalogue stage is 'general', so an exact mapping cannot be planned from the export alone."
"b07feae4-9364-4983-a4a2-8d7230714e03","civil","Form 38B","Confirmation of Application","starting-case","unavailable-official-page","not verified","","user-facing catalogue record","provenance-missing","No current official page was returned at the deterministic official-form URL; do not infer an alternate source."
"bf9bd17d-e387-4f57-bdb7-0b7f49a95132","civil","Form 42A","Certificate of Pending Litigation","general","not researched in current official-source queue","not verified","","user-facing catalogue record","official-identity-ambiguous","Catalogue stage is 'general', so an exact mapping cannot be planned from the export alone."
"95ed17f6-ffbd-4d66-8095-2fd38869b02f","civil","Form 43A","Interpleader Order - General","general","not researched in current official-source queue","not verified","","user-facing catalogue record","official-identity-ambiguous","Catalogue stage is 'general', so an exact mapping cannot be planned from the export alone."
"26747cea-6d3d-44a7-a028-fdf48f88c2a2","civil","Form 44A","Bond - Interim Recovery of Personal Property","general","not researched in current official-source queue","not verified","","user-facing catalogue record","official-identity-ambiguous","Catalogue stage is 'general', so an exact mapping cannot be planned from the export alone."
"fc1a6c86-797f-41d0-8b16-97fa78237dd6","civil","Form 47A","Jury Notice","general","not researched in current official-source queue","not verified","","user-facing catalogue record","official-identity-ambiguous","Catalogue stage is 'general', so an exact mapping cannot be planned from the export alone."
"b0455a58-6540-414c-a777-38be82ba4e05","civil","Form 48D","Order Dismissing Action for Delay","general","not researched in current official-source queue","not verified","","user-facing catalogue record","official-identity-ambiguous","Catalogue stage is 'general', so an exact mapping cannot be planned from the export alone."
"66417fb1-d3ac-4960-9cb8-6327841194f0","civil","Form 49A","Offer to Settle","general","not researched in current official-source queue","not verified","","user-facing catalogue record","official-identity-ambiguous","Catalogue stage is 'general', so an exact mapping cannot be planned from the export alone."
"2e87aa32-112a-46fe-a853-22777e36ea4d","civil","Form 49B","Notice of Withdrawal of Offer","general","not researched in current official-source queue","not verified","","user-facing catalogue record","official-identity-ambiguous","Catalogue stage is 'general', so an exact mapping cannot be planned from the export alone."
"9d527b28-584e-43b0-b30d-d608402893ba","civil","Form 49C","Acceptance of Offer","general","not researched in current official-source queue","not verified","","user-facing catalogue record","official-identity-ambiguous","Catalogue stage is 'general', so an exact mapping cannot be planned from the export alone."
"52dbeea7-4981-4ecc-9718-2d52c40299ce","civil","Form 49D","Offer to Contribute","general","not researched in current official-source queue","not verified","","user-facing catalogue record","official-identity-ambiguous","Catalogue stage is 'general', so an exact mapping cannot be planned from the export alone."
"a4e0ca4b-6c90-47a1-b9c2-aec2700e9b43","civil","Form 49E","Terms of Partial Settlement Agreement","general","not researched in current official-source queue","not verified","","user-facing catalogue record","official-identity-ambiguous","Catalogue stage is 'general', so an exact mapping cannot be planned from the export alone."
"abd73dcc-c4b7-4096-af15-7b34e4938180","civil","Form 4A","General Heading of Documents - Actions","general","not researched in current official-source queue","not verified","","user-facing catalogue record","official-identity-ambiguous","Catalogue stage is 'general', so an exact mapping cannot be planned from the export alone."
"3f53c226-4f36-4598-8bd4-a0fb2282495b","civil","Form 4B","General Heading of Documents - Applications","starting-case","verified-catalogue-source","April 11, 2012","","user-facing catalogue record","complex-review-required","No precise governing Rule/statute pinpoint and fail-closed applicability boundary were proved in this pass; remain review-required."
"647ba98a-bea6-4238-bd64-95632b97d153","civil","Form 4D","Affidavit","general","not researched in current official-source queue","not verified","","user-facing catalogue record","official-identity-ambiguous","Catalogue stage is 'general', so an exact mapping cannot be planned from the export alone."
"15d00cdd-1981-436e-824c-64096a8585ef","civil","Form 4E","Requisition","general","not researched in current official-source queue","not verified","","user-facing catalogue record","official-identity-ambiguous","Catalogue stage is 'general', so an exact mapping cannot be planned from the export alone."
"743e0b13-91a9-4d75-b937-db33302fa741","civil","Form 4F","Notice of Constitutional Question","general","not researched in current official-source queue","not verified","","user-facing catalogue record","official-identity-ambiguous","Catalogue stage is 'general', so an exact mapping cannot be planned from the export alone."
"1a94c4d5-9732-471b-bf99-0542d2035f56","civil","Form 50A","Certificate of readiness","general","not researched in current official-source queue","not verified","","user-facing catalogue record","official-identity-ambiguous","Catalogue stage is 'general', so an exact mapping cannot be planned from the export alone."
"bf392838-31ee-45d2-bf5a-baf396520841","civil","Form 51A","Request to Admit","general","not researched in current official-source queue","not verified","","user-facing catalogue record","official-identity-ambiguous","Catalogue stage is 'general', so an exact mapping cannot be planned from the export alone."
"973c7584-40fb-47d1-97ec-9702d765c421","civil","Form 51B","Response to Request to Admit","general","not researched in current official-source queue","not verified","","user-facing catalogue record","official-identity-ambiguous","Catalogue stage is 'general', so an exact mapping cannot be planned from the export alone."
"84eb0d7f-6cf0-4b19-9965-1397b074fc0e","civil","Form 53","Acknowledgment of Expert's Duty","general","not researched in current official-source queue","not verified","","user-facing catalogue record","official-identity-ambiguous","Catalogue stage is 'general', so an exact mapping cannot be planned from the export alone."
"e66ae153-f221-4544-a5df-eaf0c7ac0940","civil","Form 53A","Summons to Witness (at Hearing)","general","not researched in current official-source queue","not verified","","user-facing catalogue record","official-identity-ambiguous","Catalogue stage is 'general', so an exact mapping cannot be planned from the export alone."
"8cc6ab7d-0164-47e6-a5c7-f40bc0ba5edb","civil","Form 53B","Warrant for Arrest (Defaulting Witness)","general","not researched in current official-source queue","not verified","","user-facing catalogue record","official-identity-ambiguous","Catalogue stage is 'general', so an exact mapping cannot be planned from the export alone."
"7439e740-debb-40e9-a836-8f6eaeae6ec2","civil","Form 53C","Summons to a Witness Outside Ontario","general","not researched in current official-source queue","not verified","","user-facing catalogue record","official-identity-ambiguous","Catalogue stage is 'general', so an exact mapping cannot be planned from the export alone."
"c64ace21-e071-49de-9403-9a09f60941d7","civil","Form 53D","Order for Attendance of Witness in Custody","general","not researched in current official-source queue","not verified","","user-facing catalogue record","official-identity-ambiguous","Catalogue stage is 'general', so an exact mapping cannot be planned from the export alone."
"9497521b-bc8a-41a8-9cd7-333c60f179e8","civil","Form 55A","Notice of Hearing for Directions","general","not researched in current official-source queue","not verified","","user-facing catalogue record","official-identity-ambiguous","Catalogue stage is 'general', so an exact mapping cannot be planned from the export alone."
"f8ff4fd9-c7cf-4fc9-a886-74773387775c","civil","Form 55B","Notice to Party Added on Reference","general","not researched in current official-source queue","not verified","","user-facing catalogue record","official-identity-ambiguous","Catalogue stage is 'general', so an exact mapping cannot be planned from the export alone."
"f24c1ebb-8e04-45ac-922c-6b508daec354","civil","Form 55C","Report on Reference (Administration of Estate)","general","not researched in current official-source queue","not verified","","user-facing catalogue record","official-identity-ambiguous","Catalogue stage is 'general', so an exact mapping cannot be planned from the export alone."
"c82597ea-9d36-467c-8cc6-c79bc51f8573","civil","Form 55D","Notice of Contested Claim","starting-case","unavailable-official-page","not verified","","user-facing catalogue record","provenance-missing","No current official page was returned at the deterministic official-form URL; do not infer an alternate source."
"2ca9aebb-037b-4b1e-bb02-ad7f42b98968","civil","Form 55E","Notice to Creditor","general","not researched in current official-source queue","not verified","","user-facing catalogue record","official-identity-ambiguous","Catalogue stage is 'general', so an exact mapping cannot be planned from the export alone."
"f3619ac3-2d24-4ef0-8855-8b6d8324788d","civil","Form 55F","Conditions of Sale","general","not researched in current official-source queue","not verified","","user-facing catalogue record","official-identity-ambiguous","Catalogue stage is 'general', so an exact mapping cannot be planned from the export alone."
"2d291a1e-023e-4e48-88e6-d5d2eb7a8882","civil","Form 55G","Interim Report on Sale","general","not researched in current official-source queue","not verified","","user-facing catalogue record","official-identity-ambiguous","Catalogue stage is 'general', so an exact mapping cannot be planned from the export alone."
"0d123627-9197-468a-a666-b69a7a0f025c","civil","Form 56A","Order for Security for Costs","general","not researched in current official-source queue","not verified","","user-facing catalogue record","official-identity-ambiguous","Catalogue stage is 'general', so an exact mapping cannot be planned from the export alone."
"a30934f2-562a-4919-a211-ba34d0671cbe","civil","Form 57A","Bill of Costs","general","not researched in current official-source queue","not verified","","user-facing catalogue record","official-identity-ambiguous","Catalogue stage is 'general', so an exact mapping cannot be planned from the export alone."
"21c1eb87-57a4-450a-a58d-efded4a790ae","civil","Form 57B","Costs Outline","general","not researched in current official-source queue","not verified","","user-facing catalogue record","official-identity-ambiguous","Catalogue stage is 'general', so an exact mapping cannot be planned from the export alone."
"ae4ddfd4-75fe-4365-8f4d-7005da77d711","civil","Form 58A","Notice of Appointment for Assessment of Costs","general","not researched in current official-source queue","not verified","","user-facing catalogue record","official-identity-ambiguous","Catalogue stage is 'general', so an exact mapping cannot be planned from the export alone."
"cc5c370e-1d7a-4b23-8d9b-4a521f3d5a67","civil","Form 58B","Notice to Deliver a Bill of Costs for Assessment","general","not researched in current official-source queue","not verified","","user-facing catalogue record","official-identity-ambiguous","Catalogue stage is 'general', so an exact mapping cannot be planned from the export alone."
"a50fc816-ccd6-4c27-9198-be572cf93847","civil","Form 58C","Certificate of Assessment of Costs","general","not researched in current official-source queue","not verified","","user-facing catalogue record","official-identity-ambiguous","Catalogue stage is 'general', so an exact mapping cannot be planned from the export alone."
"91ddd108-fdfa-4613-a3a0-6d3bc240250f","civil","Form 59A","Order","general","not researched in current official-source queue","not verified","","user-facing catalogue record","official-identity-ambiguous","Catalogue stage is 'general', so an exact mapping cannot be planned from the export alone."
"6b691ff0-8182-4ccd-abae-5a0a379a93dc","civil","Form 59B","Judgment","general","not researched in current official-source queue","not verified","","user-facing catalogue record","official-identity-ambiguous","Catalogue stage is 'general', so an exact mapping cannot be planned from the export alone."
"d21d545e-6f34-4413-80ac-2c2df6e40e60","civil","Form 59C","Order on Appeal","general","not researched in current official-source queue","not verified","","user-facing catalogue record","official-identity-ambiguous","Catalogue stage is 'general', so an exact mapping cannot be planned from the export alone."
"9eba5e83-c79c-46f1-a69b-c7e6656bdf64","civil","Form 59D","Notice of Appointment to Settle Order","general","not researched in current official-source queue","not verified","","user-facing catalogue record","official-identity-ambiguous","Catalogue stage is 'general', so an exact mapping cannot be planned from the export alone."
"2b66a032-d2df-481f-a72d-debd2fc6c42c","civil","Form 60A","Writ of Seizure and Sale","enforcement","unavailable-official-page","not verified","","user-facing catalogue record","provenance-missing","No current official page was returned at the deterministic official-form URL; do not infer an alternate source."
"e461b35a-1a7b-4498-bb16-ef1254bbea20","civil","Form 60B","Writ of Sequestration","enforcement","verified-catalogue-source","Nov. 1, 2005","","user-facing catalogue record","complex-review-required","No precise governing Rule/statute pinpoint and fail-closed applicability boundary were proved in this pass; remain review-required."
"500ce284-1e31-4878-aca6-267276327337","civil","Form 60C","Writ of Possession","enforcement","verified-catalogue-source","Nov. 1, 2005","","user-facing catalogue record","complex-review-required","No precise governing Rule/statute pinpoint and fail-closed applicability boundary were proved in this pass; remain review-required."
"2571b607-c4b3-40ac-aa75-1a1555a4546b","civil","Form 60D","Writ of Delivery","enforcement","verified-catalogue-source","Nov. 1, 2005","","user-facing catalogue record","complex-review-required","No precise governing Rule/statute pinpoint and fail-closed applicability boundary were proved in this pass; remain review-required."
"49aef6b6-d153-4714-999b-ef4b5bea8940","civil","Form 60E","Request to Renew","general","not researched in current official-source queue","not verified","","user-facing catalogue record","official-identity-ambiguous","Catalogue stage is 'general', so an exact mapping cannot be planned from the export alone."
"9867c8bd-e49c-4d5e-b869-ef5a58b9fac6","civil","Form 60F","Direction to Enforce Writ of Seizure and Sale","enforcement","verified-catalogue-source","Nov. 1, 2005","","user-facing catalogue record","complex-review-required","No precise governing Rule/statute pinpoint and fail-closed applicability boundary were proved in this pass; remain review-required."
"efba4c31-f322-49c0-b5a9-05057aad8a45","civil","Form 60G","Requisition for Garnishment","enforcement","verified-catalogue-source","Nov. 1, 2005","","user-facing catalogue record","complex-review-required","No precise governing Rule/statute pinpoint and fail-closed applicability boundary were proved in this pass; remain review-required."
"22de7fee-6fcf-4928-904e-35b936ca1ae0","civil","Form 60G.1","Requisition for Renewal of Garnishment","enforcement","verified-catalogue-source","Nov. 1, 2005","","user-facing catalogue record","complex-review-required","No precise governing Rule/statute pinpoint and fail-closed applicability boundary were proved in this pass; remain review-required."
"90b1aa48-e9f4-4586-a851-124e92480851","civil","Form 60H","Notice of Garnishment","enforcement","verified-catalogue-source","May 1, 2025","","user-facing catalogue record","complex-review-required","No precise governing Rule/statute pinpoint and fail-closed applicability boundary were proved in this pass; remain review-required."
"fa6c818b-6ae2-4355-bc4d-02a205df6159","civil","Form 60H.1","Notice of Renewal of Garnishment","enforcement","verified-catalogue-source","May 1, 2025","","user-facing catalogue record","complex-review-required","No precise governing Rule/statute pinpoint and fail-closed applicability boundary were proved in this pass; remain review-required."
"7953590f-a672-4b6e-845b-77cc02a6e218","civil","Form 60I","1 Notice to Co-owner of the Debt","general","not researched in current official-source queue","not verified","","user-facing catalogue record","official-identity-ambiguous","Catalogue stage is 'general', so an exact mapping cannot be planned from the export alone."
"de6bdaa2-8754-4358-bc2d-0c327bac3b76","civil","Form 60I","Garnishee’s Statement","general","not researched in current official-source queue","not verified","","user-facing catalogue record","official-identity-ambiguous","Catalogue stage is 'general', so an exact mapping cannot be planned from the export alone."
"13004567-8c28-4f93-b0b7-6ed1ce57a60b","civil","Form 60J","Notice of Termination of Garnishment","enforcement","verified-catalogue-source","July 1, 2007","","user-facing catalogue record","complex-review-required","No precise governing Rule/statute pinpoint and fail-closed applicability boundary were proved in this pass; remain review-required."
"d786c184-0cd4-4262-b161-d61232ec5052","civil","Form 60K","Warrant for Arrest (Contempt)","general","not researched in current official-source queue","not verified","","user-facing catalogue record","official-identity-ambiguous","Catalogue stage is 'general', so an exact mapping cannot be planned from the export alone."
"3ea89324-7055-43bf-8e06-47da2b43b21e","civil","Form 60L","Warrant of Committal","general","not researched in current official-source queue","not verified","","user-facing catalogue record","official-identity-ambiguous","Catalogue stage is 'general', so an exact mapping cannot be planned from the export alone."
"e392115c-9d63-4e94-9c57-72fb3a43766b","civil","Form 60M","Notice of Claim","starting-case","verified-catalogue-source","July 1, 2007","","user-facing catalogue record","complex-review-required","No precise governing Rule/statute pinpoint and fail-closed applicability boundary were proved in this pass; remain review-required."
"94893a09-e8c6-4873-b71e-b1169180f679","civil","Form 60N","Sheriff’s Report","general","not researched in current official-source queue","not verified","","user-facing catalogue record","official-identity-ambiguous","Catalogue stage is 'general', so an exact mapping cannot be planned from the export alone."
"effe25c6-bbbb-4269-90fa-d5c4e130f053","civil","Form 60O","Request to Withdraw a Writ","enforcement","verified-catalogue-source","Nov. 1, 2005","","user-facing catalogue record","complex-review-required","No precise governing Rule/statute pinpoint and fail-closed applicability boundary were proved in this pass; remain review-required."
"d6ec9d83-268a-4703-ba7f-e712b8cb071d","civil","Form 61A","Notice of Motion for Leave to Appeal to the Divisional Court","motion","verified-catalogue-source","Sept. 1, 2025","","user-facing catalogue record","complex-review-required","No precise governing Rule/statute pinpoint and fail-closed applicability boundary were proved in this pass; remain review-required."
"bf4b4197-a90a-4eb6-aab1-b5d35fce1fa2","civil","Form 61A.1","Notice of Motion for Leave to Appeal to the Court of Appeal","motion","verified-catalogue-source","Sept. 1, 2025","","user-facing catalogue record","complex-review-required","No precise governing Rule/statute pinpoint and fail-closed applicability boundary were proved in this pass; remain review-required."
"2b85ee59-0e94-4c8b-9f6b-5bd74376375d","civil","Form 61A.2","Notice of Appeal to the Court of Appeal","general","not researched in current official-source queue","not verified","","user-facing catalogue record","official-identity-ambiguous","Catalogue stage is 'general', so an exact mapping cannot be planned from the export alone."
"e0e82889-49aa-4e87-a1a8-9aae1ac7ea4d","civil","Form 61A.3","Notice of Appeal to the Divisional Court","general","not researched in current official-source queue","not verified","","user-facing catalogue record","official-identity-ambiguous","Catalogue stage is 'general', so an exact mapping cannot be planned from the export alone."
"8b7edbc9-b0f6-4822-bc44-d761ebccf9de","civil","Form 61B","General Heading in Proceedings in Appellate Courts","general","not researched in current official-source queue","not verified","","user-facing catalogue record","official-identity-ambiguous","Catalogue stage is 'general', so an exact mapping cannot be planned from the export alone."
"507653f0-cb69-47c3-8f3d-e75dff23818d","civil","Form 61C","Appellant’s Certificate Respecting Evidence","general","not researched in current official-source queue","not verified","","user-facing catalogue record","official-identity-ambiguous","Catalogue stage is 'general', so an exact mapping cannot be planned from the export alone."
"7998dfa7-a8d2-49cf-9b6b-f74368ce85df","civil","Form 61D","Respondent’s Certificate Respecting Evidence","general","not researched in current official-source queue","not verified","","user-facing catalogue record","official-identity-ambiguous","Catalogue stage is 'general', so an exact mapping cannot be planned from the export alone."
"ad67a6a3-74c7-4d9f-9b0e-79a6238468da","civil","Form 61E","Notice of Cross-Appeal","general","not researched in current official-source queue","not verified","","user-facing catalogue record","official-identity-ambiguous","Catalogue stage is 'general', so an exact mapping cannot be planned from the export alone."
"f9cc41cc-a820-4b05-9b14-3788ffd884f8","civil","Form 61F","Supplementary Notice of Appeal or Cross-Appeal","general","not researched in current official-source queue","not verified","","user-facing catalogue record","official-identity-ambiguous","Catalogue stage is 'general', so an exact mapping cannot be planned from the export alone."
"8ae4c623-420c-4ff1-9760-cd945a0cf3f7","civil","Form 61G","Notice of Listing for Hearing (Appeal)","general","not researched in current official-source queue","not verified","","user-facing catalogue record","official-identity-ambiguous","Catalogue stage is 'general', so an exact mapping cannot be planned from the export alone."
"5f34a966-39e1-46ce-97cf-ab4ad60bcb55","civil","Form 61H","Certificate of Completeness of Appeal Book and Compendium","general","not researched in current official-source queue","not verified","","user-facing catalogue record","official-identity-ambiguous","Catalogue stage is 'general', so an exact mapping cannot be planned from the export alone."
"323717f0-cfc0-490d-aa5b-912c81eb53e2","civil","Form 61I","1 Order Dismissing Appeal to Divisional Court for Delay","general","not researched in current official-source queue","not verified","","user-facing catalogue record","official-identity-ambiguous","Catalogue stage is 'general', so an exact mapping cannot be planned from the export alone."
"5488b918-48b7-48e0-8be3-a3ea1c0b4602","civil","Form 61I","Order Dismissing Appeal or Cross-Appeal for Delay","general","not researched in current official-source queue","not verified","","user-facing catalogue record","official-identity-ambiguous","Catalogue stage is 'general', so an exact mapping cannot be planned from the export alone."
"f02b0115-ab96-47df-bfde-6534e8566ab3","civil","Form 61J","1 Order Dismissing Motion for Delay","motion","ambiguous-official-identity","July 30, 2009","","user-facing catalogue record","provenance-missing","Official page form number matched, but the page title does not exactly match the catalogue title."
"d0454ad7-81cd-4bbe-8d73-7b5aa35df5bd","civil","Form 61J","Order Dismissing Motion for Leave to Appeal for Delay","motion","verified-catalogue-source","July 30, 2009","","user-facing catalogue record","complex-review-required","No precise governing Rule/statute pinpoint and fail-closed applicability boundary were proved in this pass; remain review-required."
"5a9feb75-c1f1-479b-bdfb-5dcbfc41d638","civil","Form 61K","Notice of Abandonment of Appeal or Cross-Appeal","general","not researched in current official-source queue","not verified","","user-facing catalogue record","official-identity-ambiguous","Catalogue stage is 'general', so an exact mapping cannot be planned from the export alone."
"facb04af-71ec-4160-a69f-a737a83df30c","civil","Form 61L","Notice of Election to Proceed with Cross-Appeal","general","not researched in current official-source queue","not verified","","user-facing catalogue record","official-identity-ambiguous","Catalogue stage is 'general', so an exact mapping cannot be planned from the export alone."
"daf06a57-2927-4282-88c1-2bf22117b053","civil","Form 61M","Notice of Motion Before a Single Judge – Court of Appeal","motion","verified-catalogue-source","Sept. 1, 2025","","user-facing catalogue record","complex-review-required","No precise governing Rule/statute pinpoint and fail-closed applicability boundary were proved in this pass; remain review-required."
"3518dab9-d554-4b7e-be13-df023287cb2b","civil","Form 61N","Notice of Motion Before a Single Judge – Divisional Court","motion","verified-catalogue-source","Sept. 1, 2025","","user-facing catalogue record","complex-review-required","No precise governing Rule/statute pinpoint and fail-closed applicability boundary were proved in this pass; remain review-required."
"b97d993e-73cc-41dc-9580-e0b46dc14578","civil","Form 61O","Notice of Motion Before a Panel – Court of Appeal","motion","verified-catalogue-source","Sept. 1, 2025","","user-facing catalogue record","complex-review-required","No precise governing Rule/statute pinpoint and fail-closed applicability boundary were proved in this pass; remain review-required."
"51933f0a-e122-492e-a713-fee2b0df167a","civil","Form 61P","Notice of Motion Before a Panel – Divisional Court","motion","verified-catalogue-source","Sept. 1, 2025","","user-facing catalogue record","complex-review-required","No precise governing Rule/statute pinpoint and fail-closed applicability boundary were proved in this pass; remain review-required."
"6297225d-6419-4542-82ca-1e451be4e906","civil","Form 62A","Notice of Appeal to a Judge","general","not researched in current official-source queue","not verified","","user-facing catalogue record","official-identity-ambiguous","Catalogue stage is 'general', so an exact mapping cannot be planned from the export alone."
"d92781a7-4f89-4482-8237-7fc1e65f394d","civil","Form 63A","Certificate of Stay","general","not researched in current official-source queue","not verified","","user-facing catalogue record","official-identity-ambiguous","Catalogue stage is 'general', so an exact mapping cannot be planned from the export alone."
"d00ec635-b4bb-41d4-b24b-c475e794af9d","civil","Form 63B","Certificate of Stay","general","not researched in current official-source queue","not verified","","user-facing catalogue record","official-identity-ambiguous","Catalogue stage is 'general', so an exact mapping cannot be planned from the export alone."
"88a61a95-4015-4834-98b6-4b940aa5a5a3","civil","Form 64A","Request to Redeem","general","not researched in current official-source queue","not verified","","user-facing catalogue record","official-identity-ambiguous","Catalogue stage is 'general', so an exact mapping cannot be planned from the export alone."
"3bc952bf-43f8-42f7-818d-d55d811f47d2","civil","Form 64B","Default Judgment for Foreclosure with a Reference","general","not researched in current official-source queue","not verified","","user-facing catalogue record","official-identity-ambiguous","Catalogue stage is 'general', so an exact mapping cannot be planned from the export alone."
"d23013ed-fbf9-4d03-89e1-b6752e9ff005","civil","Form 64C","Default Judgment for Immediate Foreclosure","general","not researched in current official-source queue","not verified","","user-facing catalogue record","official-identity-ambiguous","Catalogue stage is 'general', so an exact mapping cannot be planned from the export alone."
"afb28302-a8a2-41f8-b038-f18a41ff9f3e","civil","Form 64D","Default Judgment for Foreclosure without a Reference","general","not researched in current official-source queue","not verified","","user-facing catalogue record","official-identity-ambiguous","Catalogue stage is 'general', so an exact mapping cannot be planned from the export alone."
"9ea165f8-5a4d-4ef2-b7ae-dd8b97b2bc9b","civil","Form 64E","Final Order of Foreclosure","general","not researched in current official-source queue","not verified","","user-facing catalogue record","official-identity-ambiguous","Catalogue stage is 'general', so an exact mapping cannot be planned from the export alone."
"297373fc-b262-4833-8eab-f5f3658df5a1","civil","Form 64F","Request for Sale","general","not researched in current official-source queue","not verified","","user-facing catalogue record","official-identity-ambiguous","Catalogue stage is 'general', so an exact mapping cannot be planned from the export alone."
"2721024c-e1fa-45ed-a107-4268f4ba2f4c","civil","Form 64G","Default Judgment for Sale with a Redemption Period (Action Converted from Foreclosure to Sale)","general","not researched in current official-source queue","not verified","","user-facing catalogue record","official-identity-ambiguous","Catalogue stage is 'general', so an exact mapping cannot be planned from the export alone."
"e115b5cc-a93f-4008-a07a-6239bb6572f5","civil","Form 64H","Default Judgment for Immediate Sale (Action Converted from Foreclosure to Sale)","general","not researched in current official-source queue","not verified","","user-facing catalogue record","official-identity-ambiguous","Catalogue stage is 'general', so an exact mapping cannot be planned from the export alone."
"e64c1799-9916-454a-87fb-3e1aec0d697c","civil","Form 64I","Default Judgment for Sale Conditional on Proof of Claim (Action Converted from Foreclosure to Sale)","starting-case","verified-catalogue-source","April 1, 2021","","user-facing catalogue record","complex-review-required","No precise governing Rule/statute pinpoint and fail-closed applicability boundary were proved in this pass; remain review-required."
"9cb28571-95fa-41e9-a42e-f7437a09a687","civil","Form 64J","Default Judgment for Immediate Sale","general","not researched in current official-source queue","not verified","","user-facing catalogue record","official-identity-ambiguous","Catalogue stage is 'general', so an exact mapping cannot be planned from the export alone."
"70294f52-0db7-435b-8b56-9127941f52e1","civil","Form 64K","Default Judgment for Sale with a Redemption Period","general","not researched in current official-source queue","not verified","","user-facing catalogue record","official-identity-ambiguous","Catalogue stage is 'general', so an exact mapping cannot be planned from the export alone."
"33814757-f83c-4a47-95a5-bd01cadefe41","civil","Form 64L","Final Order for Sale","general","not researched in current official-source queue","not verified","","user-facing catalogue record","official-identity-ambiguous","Catalogue stage is 'general', so an exact mapping cannot be planned from the export alone."
"5f4a7dec-17d5-4c46-819f-33928a618243","civil","Form 64M","Default Judgment for Redemption","general","not researched in current official-source queue","not verified","","user-facing catalogue record","official-identity-ambiguous","Catalogue stage is 'general', so an exact mapping cannot be planned from the export alone."
"d6b8ffcc-0e11-4161-93ca-08dfb4262be3","civil","Form 64N","Notice of Reference to Subsequent Encumbrancer Added on Reference","general","not researched in current official-source queue","not verified","","user-facing catalogue record","official-identity-ambiguous","Catalogue stage is 'general', so an exact mapping cannot be planned from the export alone."
"ce87590c-3fcb-47ca-b9f9-b44c4ca2644f","civil","Form 64O","Notice of Reference to Subsequent Encumbrancer Named as Original Party","general","not researched in current official-source queue","not verified","","user-facing catalogue record","official-identity-ambiguous","Catalogue stage is 'general', so an exact mapping cannot be planned from the export alone."
"e27fe872-9acd-41a9-b9b6-09b0a9337808","civil","Form 64P","Notice of Reference to Original Defendants","general","not researched in current official-source queue","not verified","","user-facing catalogue record","official-identity-ambiguous","Catalogue stage is 'general', so an exact mapping cannot be planned from the export alone."
"12acce22-4369-4f49-bdd5-3a19ce92a869","civil","Form 64Q","Notice to Added Defendant Having Interest in Equity","general","not researched in current official-source queue","not verified","","user-facing catalogue record","official-identity-ambiguous","Catalogue stage is 'general', so an exact mapping cannot be planned from the export alone."
"fc568fa6-f190-45d8-97dc-dd486b93a64b","civil","Form 65A","Judgment for Administration of Estate","general","not researched in current official-source queue","not verified","","user-facing catalogue record","official-identity-ambiguous","Catalogue stage is 'general', so an exact mapping cannot be planned from the export alone."
"254d0cf0-6933-4e70-a07e-601159af4846","civil","Form 66A","Judgment for Partition or Sale","general","not researched in current official-source queue","not verified","","user-facing catalogue record","official-identity-ambiguous","Catalogue stage is 'general', so an exact mapping cannot be planned from the export alone."
"738a5e9a-90e0-440f-a181-141767765e3b","civil","Form 68A","Notice of Application to Divisional Court for Judicial Review","starting-case","unavailable-official-page","not verified","","user-facing catalogue record","provenance-missing","No current official page was returned at the deterministic official-form URL; do not infer an alternate source."
"61a02e9c-6ee1-40d0-9e2f-bcc283b7227c","civil","Form 68B","Notice of Listing for Hearing (Judicial Review)","general","not researched in current official-source queue","not verified","","user-facing catalogue record","official-identity-ambiguous","Catalogue stage is 'general', so an exact mapping cannot be planned from the export alone."
"846c9829-7a90-4434-9107-7c212298bf17","civil","Form 68C","Order Dismissing Application for Judicial Review","starting-case","verified-catalogue-source","July 30, 2009","","user-facing catalogue record","complex-review-required","No precise governing Rule/statute pinpoint and fail-closed applicability boundary were proved in this pass; remain review-required."
"2b78492e-d841-48f9-8955-e06ad9588513","civil","Form 68D","Order Dismissing Application for Judicial Review for Delay","starting-case","verified-catalogue-source","Sept. 1, 2018","","user-facing catalogue record","complex-review-required","No precise governing Rule/statute pinpoint and fail-closed applicability boundary were proved in this pass; remain review-required."
"8901a297-6e37-44c1-a1d4-08d089648e64","civil","Form 72A","Notice of Payment into Court","general","not researched in current official-source queue","not verified","","user-facing catalogue record","official-identity-ambiguous","Catalogue stage is 'general', so an exact mapping cannot be planned from the export alone."
"f372c898-ec39-45d7-9264-3b4c40b7bdf2","civil","Form 72B","Affidavit (Motion for Payment Out of Court)","motion","unavailable-official-page","not verified","","user-facing catalogue record","provenance-missing","No current official page was returned at the deterministic official-form URL; do not infer an alternate source."
"03373a93-6983-4dd3-8d6c-b8814818bcd7","civil","Form 72C","Stop Order","general","not researched in current official-source queue","not verified","","user-facing catalogue record","official-identity-ambiguous","Catalogue stage is 'general', so an exact mapping cannot be planned from the export alone."
"ab004be1-0b5c-4a4f-b71d-3a5ffa9a8062","civil","Form 73A","Notice of Application for Registration of United Kingdom Judgment","starting-case","verified-catalogue-source","Jan. 2, 2024","","user-facing catalogue record","complex-review-required","No precise governing Rule/statute pinpoint and fail-closed applicability boundary were proved in this pass; remain review-required."
"a56a2c23-77b1-49ae-b3cf-35c908dd62d9","civil","Form 76A","Notice Whether Action Under Rule 76","general","not researched in current official-source queue","not verified","","user-facing catalogue record","official-identity-ambiguous","Catalogue stage is 'general', so an exact mapping cannot be planned from the export alone."
"6e0e4dfb-8bdd-48ff-b93d-93cdd614b813","civil","Form 76B","Simplified Procedure Motion Form","motion","verified-catalogue-source","Jan. 2, 2024","","user-facing catalogue record","complex-review-required","No precise governing Rule/statute pinpoint and fail-closed applicability boundary were proved in this pass; remain review-required."
"63ddfe10-8596-4744-96a8-dca200303f44","civil","Form 76C","Notice of Readiness for Pre-Trial Conference","conference","unavailable-official-page","not verified","","user-facing catalogue record","provenance-missing","No current official page was returned at the deterministic official-form URL; do not infer an alternate source."
"23c2125e-a05b-4900-ae0c-62aad26e9a4a","civil","Form 76D","Trial Management Checklist","trial","unavailable-official-page","not verified","","user-facing catalogue record","provenance-missing","No current official page was returned at the deterministic official-form URL; do not infer an alternate source."
"86cc726b-957a-4ba2-bae9-069d544648d9","civil","Form 7A","Notice of Required Affidavit of Litigation Guardian","general","not researched in current official-source queue","not verified","","user-facing catalogue record","official-identity-ambiguous","Catalogue stage is 'general', so an exact mapping cannot be planned from the export alone."
"26ddbd93-eb0f-4388-a603-d247248f266a","civil","Form 7B","Request for Identification of Litigation Guardian","general","not researched in current official-source queue","not verified","","user-facing catalogue record","official-identity-ambiguous","Catalogue stage is 'general', so an exact mapping cannot be planned from the export alone."
"b960323c-6271-4c19-a049-b04aadfef657","civil","Form 7C","Order to Continue (Minor Reaching Age of Majority)","general","not researched in current official-source queue","not verified","","user-facing catalogue record","official-identity-ambiguous","Catalogue stage is 'general', so an exact mapping cannot be planned from the export alone."
"655aa849-24b0-478e-8374-3657714375ef","civil","Form 8A","Notice to Alleged Partner","general","not researched in current official-source queue","not verified","","user-facing catalogue record","official-identity-ambiguous","Catalogue stage is 'general', so an exact mapping cannot be planned from the export alone."
"5763ca37-01c6-4eed-b405-3dc81502f724","family","Form 04","4 Notice of Change in Representation","general","not researched in current official-source queue","not verified","","user-facing catalogue record","official-identity-ambiguous","Catalogue stage is 'general', so an exact mapping cannot be planned from the export alone."
"117f44a4-4d37-40de-870a-5682b3230a09","family","Form 08D","8D.1 Application (Dispense with Parent’s Consent to Adoption before Placement)","starting-case","unavailable-official-page","not verified","","user-facing catalogue record","provenance-missing","No current official page was returned at the deterministic official-form URL; do not infer an alternate source."
"2ddec54f-c5d0-478a-9926-cfeb0cc2233e","family","Form 1","Notice To Profession","general","not researched in current official-source queue","not verified","","court-only","court-only-not-user-facing","Not present in the current court_form_clean_view; no user-facing purpose is inferred."
"4894de57-6511-45b1-a71a-967c884510f5","family","Form 10","Answer","responding","not researched in current official-source queue","not verified","","user-facing catalogue record","mapped-and-verified","Active exact canonical mapping in readonly export."
"ff396301-b97f-4e0e-84fa-6d1fd4995d1f","family","Form 10A","Reply","general","not researched in current official-source queue","not verified","","user-facing catalogue record","official-identity-ambiguous","Catalogue stage is 'general', so an exact mapping cannot be planned from the export alone."
"217f3f72-4664-4489-9fad-9214783fac89","family","Form 12","Notice of Withdrawal","general","not researched in current official-source queue","not verified","","user-facing catalogue record","official-identity-ambiguous","Catalogue stage is 'general', so an exact mapping cannot be planned from the export alone."
"497ac7b5-7ed7-4303-9c9a-621402b06a28","family","Form 13","1 Financial Statement (Property and Support Claims)","starting-case","not researched in current official-source queue","not verified","","user-facing catalogue record","mapped-and-verified","Active exact canonical mapping in readonly export."
"f65c753e-5457-4122-b0b3-84c4116c4ac8","family","Form 13","Financial Statement","general","not researched in current official-source queue","not verified","","user-facing catalogue record","official-identity-ambiguous","Catalogue stage is 'general', so an exact mapping cannot be planned from the export alone."
"bf8fb6c7-ad37-4f04-98fa-4638ec6f2c9b","family","Form 13","Financial Statement (Support Claims)","starting-case","not researched in current official-source queue","not verified","","user-facing catalogue record","mapped-and-verified","Active exact canonical mapping in readonly export."
"f2f28605-c3f4-4033-bee4-f48a9fbe1c1a","family","Form 13A","Certificate of Financial Disclosure","general","not researched in current official-source queue","not verified","","user-facing catalogue record","official-identity-ambiguous","Catalogue stage is 'general', so an exact mapping cannot be planned from the export alone."
"a713ca96-8da3-41d7-8d93-90103020bb50","family","Form 13B","Net Family Property Statement","general","not researched in current official-source queue","not verified","","user-facing catalogue record","official-identity-ambiguous","Catalogue stage is 'general', so an exact mapping cannot be planned from the export alone."
"8f1eb2ad-b3a5-484d-942f-4a0bd79f6b04","family","Form 13C","Comparison of Net Family Property Statements","general","not researched in current official-source queue","not verified","","user-facing catalogue record","official-identity-ambiguous","Catalogue stage is 'general', so an exact mapping cannot be planned from the export alone."
"e6fdaf6d-9aca-4193-853a-0fec07bc84c4","family","Form 14","Notice of Motion","motion","not researched in current official-source queue","not verified","","user-facing catalogue record","mapped-and-verified","Active exact canonical mapping in readonly export."
"f239d39f-d49f-495a-8b57-7ae865a843a4","family","Form 14A","Affidavit","general","not researched in current official-source queue","not verified","","user-facing catalogue record","official-identity-ambiguous","Catalogue stage is 'general', so an exact mapping cannot be planned from the export alone."
"faaf5ef0-e3c0-426a-ae2a-9e966feb499a","family","Form 14A","Affidavit (General)","general","not researched in current official-source queue","not verified","","user-facing catalogue record","mapped-and-verified","Active exact canonical mapping in readonly export."
"28657b4a-75b8-4fdd-b7fe-0b7b70eaadee","family","Form 14B","Motion Form","motion","unavailable-official-page","not verified","","user-facing catalogue record","provenance-missing","No current official page was returned at the deterministic official-form URL; do not infer an alternate source."
"8aeceea0-a948-4a5a-b089-eedc233912e5","family","Form 14C","Confirmation of Motion","motion","unavailable-official-page","not verified","","user-facing catalogue record","provenance-missing","No current official page was returned at the deterministic official-form URL; do not infer an alternate source."
"14cb7bde-0cb6-4d1b-bc6a-85c89c550aa7","family","Form 14D","Order on Motion Without Notice","motion","verified-catalogue-source","Sept. 1, 2005","","user-facing catalogue record","complex-review-required","No precise governing Rule/statute pinpoint and fail-closed applicability boundary were proved in this pass; remain review-required."
"ac3d1227-0c45-4f8d-8428-b291f5b3d437","family","Form 15","Motion to Change","motion","not researched in current official-source queue","not verified","","user-facing catalogue record","mapped-and-verified","Active exact canonical mapping in readonly export."
"f38325dc-0a6a-40ec-bb01-75293f7d68b5","family","Form 15B","Response to Motion to Change","motion","not researched in current official-source queue","not verified","","user-facing catalogue record","mapped-and-verified","Active exact canonical mapping in readonly export."
"dc9f6b2e-ef9b-45b8-9ee5-7fe2c9aa697d","family","Form 15C","Consent Motion to Change","motion","not researched in current official-source queue","not verified","","user-facing catalogue record","mapped-and-verified","Active exact canonical mapping in readonly export."
"4f1eed91-6a00-4111-b28d-d0231ad385bc","family","Form 15D","Consent Motion to Change Child Support","motion","unavailable-official-page","not verified","","user-facing catalogue record","provenance-missing","No current official page was returned at the deterministic official-form URL; do not infer an alternate source."
"edd91020-9fea-4294-a01c-695236c5b3f6","family","Form 17","Conference Notice","conference","unavailable-official-page","not verified","","user-facing catalogue record","provenance-missing","No current official page was returned at the deterministic official-form URL; do not infer an alternate source."
"b2b46bcf-97ae-42e4-9d01-4a962ea83a2a","family","Form 17A","Case Conference Brief – General","conference","not researched in current official-source queue","not verified","","user-facing catalogue record","mapped-and-verified","Active exact canonical mapping in readonly export."
"5310b079-0ede-4b63-8fbc-dbb04319fc66","family","Form 17B","Case conference brief for protection application or status review","conference","unavailable-official-page","not verified","","user-facing catalogue record","provenance-missing","No current official page was returned at the deterministic official-form URL; do not infer an alternate source."
"7ef801e0-5296-4019-9e93-ed2853133207","family","Form 17C","Settlement Conference Brief","conference","ambiguous-official-identity","Sept. 1, 2023","","user-facing catalogue record","provenance-missing","Official page form number matched, but the page title does not exactly match the catalogue title."
"2013f42e-7316-4195-8b9e-4598f94f5403","family","Form 17C","Settlement Conference Brief – General","conference","verified-catalogue-source","Sept. 1, 2023","","user-facing catalogue record","complex-review-required","No precise governing Rule/statute pinpoint and fail-closed applicability boundary were proved in this pass; remain review-required."
"","family","Form 17D","Settlement conference brief for protection application or status review","starting-case","not researched in current official-source queue","not verified","","user-facing catalogue record","official-identity-ambiguous","No current clean-view routing record."
"774340f3-e227-4422-87c8-5ea2ff988d7d","family","Form 17E","Trial Management Conference Brief","conference","verified-catalogue-source","Sept. 1, 2023","","user-facing catalogue record","complex-review-required","No precise governing Rule/statute pinpoint and fail-closed applicability boundary were proved in this pass; remain review-required."
"daabe088-303b-43ac-8444-c668ebd05230","family","Form 17F","Confirmation of Conference","conference","unavailable-official-page","not verified","","user-facing catalogue record","provenance-missing","No current official page was returned at the deterministic official-form URL; do not infer an alternate source."
"a84e4e5c-c133-4b7c-a35d-e1bf36567dcd","family","Form 17G","Certificate of Dispute Resolution","general","not researched in current official-source queue","not verified","","user-facing catalogue record","official-identity-ambiguous","Catalogue stage is 'general', so an exact mapping cannot be planned from the export alone."
"dd9fa68d-fb3b-41f0-95a5-3c6c40a14409","family","Form 20","2 Acknowledgment of Expert's Duty","general","not researched in current official-source queue","not verified","","user-facing catalogue record","official-identity-ambiguous","Catalogue stage is 'general', so an exact mapping cannot be planned from the export alone."
"853f621c-537e-4740-8c82-879e925f27fc","family","Form 20","Request for Information","general","not researched in current official-source queue","not verified","","user-facing catalogue record","official-identity-ambiguous","Catalogue stage is 'general', so an exact mapping cannot be planned from the export alone."
"327b84b1-fe3e-41e3-9e81-bace8e25d5af","family","Form 20.2","Request for Information","general","not researched in current official-source queue","not verified","","user-facing catalogue record","official-identity-ambiguous","Catalogue stage is 'general', so an exact mapping cannot be planned from the export alone."
"42016bdf-d31d-499e-866a-134c4d155bf7","family","Form 20A","Authorization to Commissioner","general","not researched in current official-source queue","not verified","","user-facing catalogue record","official-identity-ambiguous","Catalogue stage is 'general', so an exact mapping cannot be planned from the export alone."
"9f53bb45-316a-43c7-81d8-e37cc1bcd341","family","Form 20A","Request for Information","general","not researched in current official-source queue","not verified","","user-facing catalogue record","official-identity-ambiguous","Catalogue stage is 'general', so an exact mapping cannot be planned from the export alone."
"98be3442-906f-4fac-9ecb-69b2c535e9e3","family","Form 20B","Letter of Request","general","not researched in current official-source queue","not verified","","user-facing catalogue record","official-identity-ambiguous","Catalogue stage is 'general', so an exact mapping cannot be planned from the export alone."
"6f57defb-76a4-41bc-96d0-8285e1e2dbc2","family","Form 20B","Request for Information","general","not researched in current official-source queue","not verified","","user-facing catalogue record","official-identity-ambiguous","Catalogue stage is 'general', so an exact mapping cannot be planned from the export alone."
"10ab1d63-2171-4efa-9010-02712a34227a","family","Form 22","Admission or Request to Admit","general","not researched in current official-source queue","not verified","","user-facing catalogue record","official-identity-ambiguous","Catalogue stage is 'general', so an exact mapping cannot be planned from the export alone."
"20f18364-77bb-4e0e-bfaf-fca69be02b86","family","Form 22","Request to Admit","general","not researched in current official-source queue","not verified","","user-facing catalogue record","official-identity-ambiguous","Catalogue stage is 'general', so an exact mapping cannot be planned from the export alone."
"7ba46ba9-3504-4641-b01b-38708f3a654d","family","Form 22A","Admission or Request to Admit","general","not researched in current official-source queue","not verified","","user-facing catalogue record","official-identity-ambiguous","Catalogue stage is 'general', so an exact mapping cannot be planned from the export alone."
"851b984b-fd0f-4b72-8b4a-e9c5bdd66e3a","family","Form 22A","Response to Request to Admit","general","not researched in current official-source queue","not verified","","user-facing catalogue record","official-identity-ambiguous","Catalogue stage is 'general', so an exact mapping cannot be planned from the export alone."
"cd0142ee-2b50-4ced-87a5-bd2236e40516","family","Form 23","Summons to Witness","general","not researched in current official-source queue","not verified","","user-facing catalogue record","official-identity-ambiguous","Catalogue stage is 'general', so an exact mapping cannot be planned from the export alone."
"3f59d9be-af8c-4c53-8a0d-7a2443dc194f","family","Form 23A","Summons to Witness outside Ontario","general","not researched in current official-source queue","not verified","","user-facing catalogue record","official-identity-ambiguous","Catalogue stage is 'general', so an exact mapping cannot be planned from the export alone."
"c003402f-667b-442a-a954-d51aa67d6581","family","Form 23B","Affidavit for Filing Domestic Contract","general","not researched in current official-source queue","not verified","","user-facing catalogue record","official-identity-ambiguous","Catalogue stage is 'general', so an exact mapping cannot be planned from the export alone."
"97a946b2-d3bd-4d37-9b4d-fc5644403087","family","Form 23B","Order for Prisoner’s Attendance","general","not researched in current official-source queue","not verified","","user-facing catalogue record","official-identity-ambiguous","Catalogue stage is 'general', so an exact mapping cannot be planned from the export alone."
"c3883a2e-2e38-41fc-b7d1-c3320e291344","family","Form 23C","Affidavit for Uncontested Trial","trial","unavailable-official-page","not verified","","user-facing catalogue record","provenance-missing","No current official page was returned at the deterministic official-form URL; do not infer an alternate source."
"c039acde-ad7a-47ca-8059-c268d16d0a8b","family","Form 23C","Domestic Contract or Agreement Form","general","not researched in current official-source queue","not verified","","user-facing catalogue record","official-identity-ambiguous","Catalogue stage is 'general', so an exact mapping cannot be planned from the export alone."
"88e30ef8-9241-4edd-b21e-55a80f2003d8","family","Form 25","Order","general","not researched in current official-source queue","not verified","","user-facing catalogue record","official-identity-ambiguous","Catalogue stage is 'general', so an exact mapping cannot be planned from the export alone."
"9ee85671-ec0e-4f02-9138-709fc2acf91f","family","Form 25","Order (General)","general","not researched in current official-source queue","not verified","","user-facing catalogue record","official-identity-ambiguous","Catalogue stage is 'general', so an exact mapping cannot be planned from the export alone."
"5631e93d-ba5d-4a32-ba34-745c1404753a","family","Form 25A","A- Divorce Order (one page)","general","not researched in current official-source queue","not verified","","user-facing catalogue record","official-identity-ambiguous","Catalogue stage is 'general', so an exact mapping cannot be planned from the export alone."
"82845f30-41f0-4a11-81ac-9273633f81e2","family","Form 25A","Divorce Order","general","not researched in current official-source queue","not verified","","user-facing catalogue record","official-identity-ambiguous","Catalogue stage is 'general', so an exact mapping cannot be planned from the export alone."
"b6c4134e-1668-4c07-a89e-9fcd7707ddc3","family","Form 25B","Draft Order","general","not researched in current official-source queue","not verified","","user-facing catalogue record","official-identity-ambiguous","Catalogue stage is 'general', so an exact mapping cannot be planned from the export alone."
"54777d38-ddf6-4a94-be3c-f518aa89b2ed","family","Form 25B","Secure treatment order","general","not researched in current official-source queue","not verified","","user-facing catalogue record","official-identity-ambiguous","Catalogue stage is 'general', so an exact mapping cannot be planned from the export alone."
"4dc013d2-549d-4f50-9808-05affd9a9f0c","family","Form 25C","Adoption order","general","not researched in current official-source queue","not verified","","user-facing catalogue record","official-identity-ambiguous","Catalogue stage is 'general', so an exact mapping cannot be planned from the export alone."
"d4333a87-a8d4-4d47-808a-dfa1b60ede7a","family","Form 25D","Order (Uncontested Trial)","trial","verified-catalogue-source","Dec. 1, 2020","","user-facing catalogue record","complex-review-required","No precise governing Rule/statute pinpoint and fail-closed applicability boundary were proved in this pass; remain review-required."
"008797e8-8180-4ca5-8487-b975bfd91c2d","family","Form 25D","Support Deduction Order","general","not researched in current official-source queue","not verified","","user-facing catalogue record","official-identity-ambiguous","Catalogue stage is 'general', so an exact mapping cannot be planned from the export alone."
"87eb6199-d3fe-4247-a2ca-ded1ed3a4a1e","family","Form 25E","Notice Disputing Approval of Order","general","not researched in current official-source queue","not verified","","user-facing catalogue record","official-identity-ambiguous","Catalogue stage is 'general', so an exact mapping cannot be planned from the export alone."
"d3efff51-a0a2-43c9-a64a-fe927163f14b","family","Form 25F","Restraining Order","general","not researched in current official-source queue","not verified","","user-facing catalogue record","official-identity-ambiguous","Catalogue stage is 'general', so an exact mapping cannot be planned from the export alone."
"33931f9b-db44-4303-9e06-fd3f0b440879","family","Form 25G","Order Terminating Restraining Order","general","not researched in current official-source queue","not verified","","user-facing catalogue record","official-identity-ambiguous","Catalogue stage is 'general', so an exact mapping cannot be planned from the export alone."
"947edd92-282d-4aae-8f86-c0fd825d24eb","family","Form 25G","Restraining Order on Motion without Notice","motion","verified-catalogue-source","Sept. 1, 2009","","user-facing catalogue record","complex-review-required","No precise governing Rule/statute pinpoint and fail-closed applicability boundary were proved in this pass; remain review-required."
"c8b3fd3d-721c-4c02-9416-86eb4934ca14","family","Form 25H","Order Changing Restraining Order","general","not researched in current official-source queue","not verified","","user-facing catalogue record","official-identity-ambiguous","Catalogue stage is 'general', so an exact mapping cannot be planned from the export alone."
"a21c5b7f-d127-4ee5-8239-7c2e0532d3db","family","Form 25H","Order Terminating Restraining Order","general","not researched in current official-source queue","not verified","","user-facing catalogue record","official-identity-ambiguous","Catalogue stage is 'general', so an exact mapping cannot be planned from the export alone."
"18ceb9fd-b891-4630-a369-b4f59adb7c5b","family","Form 26","Statement of Money Owed","general","not researched in current official-source queue","not verified","","user-facing catalogue record","official-identity-ambiguous","Catalogue stage is 'general', so an exact mapping cannot be planned from the export alone."
"5597a831-e5b6-42d5-825c-eeb4a350c77f","family","Form 26","Support Deduction Form","general","not researched in current official-source queue","not verified","","user-facing catalogue record","official-identity-ambiguous","Catalogue stage is 'general', so an exact mapping cannot be planned from the export alone."
"c5c5cb7c-d617-4e0f-9bdf-d351d33e8af7","family","Form 26A","Affidavit of Enforcement Expenses","enforcement","verified-catalogue-source","April 12, 2016","","user-facing catalogue record","complex-review-required","No precise governing Rule/statute pinpoint and fail-closed applicability boundary were proved in this pass; remain review-required."
"9ec5ee3f-cc26-4032-8e52-784b188109a8","family","Form 26A","Support Deduction Form","general","not researched in current official-source queue","not verified","","user-facing catalogue record","official-identity-ambiguous","Catalogue stage is 'general', so an exact mapping cannot be planned from the export alone."
"6fa56aec-3d0a-48ed-b725-d9186c7e4754","family","Form 26B","Affidavit for Filing Domestic Contract with Court","general","not researched in current official-source queue","not verified","","user-facing catalogue record","official-identity-ambiguous","Catalogue stage is 'general', so an exact mapping cannot be planned from the export alone."
"2817b836-4dc8-4a48-825a-bf97c6ce96d3","family","Form 26B","Support Deduction Form","general","not researched in current official-source queue","not verified","","user-facing catalogue record","official-identity-ambiguous","Catalogue stage is 'general', so an exact mapping cannot be planned from the export alone."
"15711dc5-a6e6-4c12-b9c1-b1d9a982efc3","family","Form 26C","Notice of Transfer of Enforcement","enforcement","verified-catalogue-source","April 12, 2016","","user-facing catalogue record","complex-review-required","No precise governing Rule/statute pinpoint and fail-closed applicability boundary were proved in this pass; remain review-required."
"e8cc0d46-24e0-4064-b791-68007f0c3701","family","Form 26C","Support Deduction Form","general","not researched in current official-source queue","not verified","","user-facing catalogue record","official-identity-ambiguous","Catalogue stage is 'general', so an exact mapping cannot be planned from the export alone."
"7125bedf-0307-492c-949f-3083734b1a12","family","Form 26D","Affidavit for Filing Family Arbitration Award for Support with Court","general","not researched in current official-source queue","not verified","","user-facing catalogue record","official-identity-ambiguous","Catalogue stage is 'general', so an exact mapping cannot be planned from the export alone."
"232d5817-e2d1-4960-a5c6-9d358d84d60e","family","Form 27","Enforcement Form","enforcement","ambiguous-official-identity","April 12, 2016","","user-facing catalogue record","provenance-missing","Official page form number matched, but the page title does not exactly match the catalogue title."
"550485f7-1caf-4abc-93b4-55e2e196378c","family","Form 27","Request for Financial Statement","general","not researched in current official-source queue","not verified","","user-facing catalogue record","official-identity-ambiguous","Catalogue stage is 'general', so an exact mapping cannot be planned from the export alone."
"42e5c374-4f93-4542-99ca-2de1145d8828","family","Form 27A","Enforcement Form","enforcement","ambiguous-official-identity","April 12, 2016","","user-facing catalogue record","provenance-missing","Official page form number matched, but the page title does not exactly match the catalogue title."
"b5749ae0-29a6-4b44-a8ec-e7fffaa1766e","family","Form 27A","Request for Statement of Income","general","not researched in current official-source queue","not verified","","user-facing catalogue record","official-identity-ambiguous","Catalogue stage is 'general', so an exact mapping cannot be planned from the export alone."
"ab1f9c76-2d70-4798-bcd8-77080920e906","family","Form 27B","Enforcement Form","enforcement","ambiguous-official-identity","Sept. 1, 2005","","user-facing catalogue record","provenance-missing","Official page form number matched, but the page title does not exactly match the catalogue title."
"1a3264fb-5758-4567-a720-4263c122869f","family","Form 27B","Statement of Income from Income Source","general","not researched in current official-source queue","not verified","","user-facing catalogue record","official-identity-ambiguous","Catalogue stage is 'general', so an exact mapping cannot be planned from the export alone."
"bb3162bb-9820-45d0-880e-08585ac97274","family","Form 27C","Appointment for Financial Examination","general","not researched in current official-source queue","not verified","","user-facing catalogue record","official-identity-ambiguous","Catalogue stage is 'general', so an exact mapping cannot be planned from the export alone."
"4c566883-1256-47ce-bedb-381a0aabae69","family","Form 27C","Enforcement Form","enforcement","ambiguous-official-identity","April 12, 2016","","user-facing catalogue record","provenance-missing","Official page form number matched, but the page title does not exactly match the catalogue title."
"a48e2d14-0d7d-47fe-bed4-3c2f04b64652","family","Form 28","Continuing Record / Trial Record Form","trial","ambiguous-official-identity","April 12, 2016","","user-facing catalogue record","provenance-missing","Official page form number matched, but the page title does not exactly match the catalogue title."
"6f7b1e2e-e5c7-454d-8b4a-00cbd0966f3b","family","Form 28","Writ of Seizure and Sale","enforcement","verified-catalogue-source","April 12, 2016","","user-facing catalogue record","complex-review-required","No precise governing Rule/statute pinpoint and fail-closed applicability boundary were proved in this pass; remain review-required."
"40cf81b9-29a4-428c-b2a9-929c5d4e4309","family","Form 28A","Continuing Record / Trial Record Form","trial","ambiguous-official-identity","Sept. 1, 2005","","user-facing catalogue record","provenance-missing","Official page form number matched, but the page title does not exactly match the catalogue title."
"0fac8399-8f12-4704-9c8b-5ca70166c0e3","family","Form 28A","Request for Writ of Seizure and Sale","enforcement","verified-catalogue-source","Sept. 1, 2005","","user-facing catalogue record","complex-review-required","No precise governing Rule/statute pinpoint and fail-closed applicability boundary were proved in this pass; remain review-required."
"6a3f3b5e-ec1b-4dfb-894f-669d13cf10bc","family","Form 28B","Statutory","general","not researched in current official-source queue","not verified","","user-facing catalogue record","official-identity-ambiguous","Catalogue stage is 'general', so an exact mapping cannot be planned from the export alone."
"a16a99a6-1cd8-48d5-be40-782b988e3153","family","Form 28C","Continuing Record / Trial Record Form","trial","ambiguous-official-identity","Sept. 1, 2005","","user-facing catalogue record","provenance-missing","Official page form number matched, but the page title does not exactly match the catalogue title."
"709ee8a6-8888-4cea-b9c9-91211768b00c","family","Form 28C","Writ of Temporary Seizure","enforcement","verified-catalogue-source","Sept. 1, 2005","","user-facing catalogue record","complex-review-required","No precise governing Rule/statute pinpoint and fail-closed applicability boundary were proved in this pass; remain review-required."
"4895a00d-088b-4614-b899-4e96b8b46acd","family","Form 29","Request for Garnishment","enforcement","verified-catalogue-source","April 12, 2016","","user-facing catalogue record","complex-review-required","No precise governing Rule/statute pinpoint and fail-closed applicability boundary were proved in this pass; remain review-required."
"39c57082-1e93-4171-bb21-167105d25fc3","family","Form 29A","Child Protection Form","general","not researched in current official-source queue","not verified","","user-facing catalogue record","official-identity-ambiguous","Catalogue stage is 'general', so an exact mapping cannot be planned from the export alone."
"a59271c7-4b42-495b-b726-944d49445f80","family","Form 29A","Notice of Garnishment (Lump-Sum Debt)","enforcement","verified-catalogue-source","April 12, 2016","","user-facing catalogue record","complex-review-required","No precise governing Rule/statute pinpoint and fail-closed applicability boundary were proved in this pass; remain review-required."
"bdf65a0a-84da-4427-b53d-beeeee64b48e","family","Form 29B","Child Protection Form","general","not researched in current official-source queue","not verified","","user-facing catalogue record","official-identity-ambiguous","Catalogue stage is 'general', so an exact mapping cannot be planned from the export alone."
"c497607d-e4c0-42ee-9ae5-6f7eac657bc8","family","Form 29B","Notice of Garnishment (Periodic Debt)","enforcement","verified-catalogue-source","April 12, 2016","","user-facing catalogue record","complex-review-required","No precise governing Rule/statute pinpoint and fail-closed applicability boundary were proved in this pass; remain review-required."
"55ff5834-acec-40e7-84c8-eb66cb18c406","family","Form 29C","Child Protection Form","general","not researched in current official-source queue","not verified","","user-facing catalogue record","official-identity-ambiguous","Catalogue stage is 'general', so an exact mapping cannot be planned from the export alone."
"e6effcaf-e8c6-40f8-a7ee-04b0339dc108","family","Form 29C","Notice to Co-owner of Debt","general","not researched in current official-source queue","not verified","","user-facing catalogue record","official-identity-ambiguous","Catalogue stage is 'general', so an exact mapping cannot be planned from the export alone."
"d6d4c162-1e9a-4388-9c43-605bdacd56cf","family","Form 29D","Child Protection Form","general","not researched in current official-source queue","not verified","","user-facing catalogue record","official-identity-ambiguous","Catalogue stage is 'general', so an exact mapping cannot be planned from the export alone."
"296f30c1-fc75-4239-97a6-31e03996e588","family","Form 29D","Statutory","general","not researched in current official-source queue","not verified","","user-facing catalogue record","official-identity-ambiguous","Catalogue stage is 'general', so an exact mapping cannot be planned from the export alone."
"9f384c55-6755-4786-b3d0-58034418da12","family","Form 29E","Child Protection Form","general","not researched in current official-source queue","not verified","","user-facing catalogue record","official-identity-ambiguous","Catalogue stage is 'general', so an exact mapping cannot be planned from the export alone."
"43638d6b-5600-4fc1-a771-bf20bea071bf","family","Form 29E","Dispute (Payor)","general","not researched in current official-source queue","not verified","","user-facing catalogue record","official-identity-ambiguous","Catalogue stage is 'general', so an exact mapping cannot be planned from the export alone."
"45b753ef-3f44-49f2-ba60-cce6c38190c4","family","Form 29F","Child Protection Form","general","not researched in current official-source queue","not verified","","user-facing catalogue record","official-identity-ambiguous","Catalogue stage is 'general', so an exact mapping cannot be planned from the export alone."
"456cd820-5790-48c2-93cc-1d6477ff09ca","family","Form 29F","Dispute (Garnishee)","general","not researched in current official-source queue","not verified","","user-facing catalogue record","official-identity-ambiguous","Catalogue stage is 'general', so an exact mapping cannot be planned from the export alone."
"0cac5929-af8c-4dca-af58-d496ecfd3613","family","Form 29G","Dispute (Co-owner of Debt)","general","not researched in current official-source queue","not verified","","user-facing catalogue record","official-identity-ambiguous","Catalogue stage is 'general', so an exact mapping cannot be planned from the export alone."
"b60e6f39-1b8e-496c-837a-52992379ab50","family","Form 29H","Child Protection Form","general","not researched in current official-source queue","not verified","","user-facing catalogue record","official-identity-ambiguous","Catalogue stage is 'general', so an exact mapping cannot be planned from the export alone."
"a5690d33-1639-4e17-a9d5-12cadc29d7a3","family","Form 29H","Notice of Garnishment Hearing","enforcement","verified-catalogue-source","Sept. 1, 2005","","user-facing catalogue record","complex-review-required","No precise governing Rule/statute pinpoint and fail-closed applicability boundary were proved in this pass; remain review-required."
"7a90008d-865d-4cc4-a3bf-63f2a46ad828","family","Form 29I","Child Protection Form","general","not researched in current official-source queue","not verified","","user-facing catalogue record","official-identity-ambiguous","Catalogue stage is 'general', so an exact mapping cannot be planned from the export alone."
"ef69c606-bc84-459f-9d3b-1cd66ac97ab0","family","Form 29I","Notice to Stop Garnishment","enforcement","verified-catalogue-source","Sept. 1, 2005","","user-facing catalogue record","complex-review-required","No precise governing Rule/statute pinpoint and fail-closed applicability boundary were proved in this pass; remain review-required."
"b95a2801-99e3-482d-84e5-59a8a7024524","family","Form 29J","Child Protection Form","general","not researched in current official-source queue","not verified","","user-facing catalogue record","official-identity-ambiguous","Catalogue stage is 'general', so an exact mapping cannot be planned from the export alone."
"1886630e-4aae-40e5-b0df-ae922884c08f","family","Form 29J","Statement to Garnishee Financial Institution re Support","general","not researched in current official-source queue","not verified","","user-facing catalogue record","official-identity-ambiguous","Catalogue stage is 'general', so an exact mapping cannot be planned from the export alone."
"6cca99a4-9293-48b1-ba38-c730cee1d416","family","Form 30","Adoption Form","general","not researched in current official-source queue","not verified","","user-facing catalogue record","official-identity-ambiguous","Catalogue stage is 'general', so an exact mapping cannot be planned from the export alone."
"c9f7940f-8800-4b34-b041-458a0ef02c0c","family","Form 30","Notice of Default Hearing","general","not researched in current official-source queue","not verified","","user-facing catalogue record","official-identity-ambiguous","Catalogue stage is 'general', so an exact mapping cannot be planned from the export alone."
"295d9f45-cec4-4728-bdff-aca7f02d204c","family","Form 30A","Adoption Form","general","not researched in current official-source queue","not verified","","user-facing catalogue record","official-identity-ambiguous","Catalogue stage is 'general', so an exact mapping cannot be planned from the export alone."
"49085d71-cc56-4698-9f33-a8b90c8ee92e","family","Form 30A","Request for Default Hearing","general","not researched in current official-source queue","not verified","","user-facing catalogue record","official-identity-ambiguous","Catalogue stage is 'general', so an exact mapping cannot be planned from the export alone."
"92a421a3-412b-47c5-8709-c9da8d72b10d","family","Form 30B","Adoption Form","general","not researched in current official-source queue","not verified","","user-facing catalogue record","official-identity-ambiguous","Catalogue stage is 'general', so an exact mapping cannot be planned from the export alone."
"80fcb106-ca52-493b-9fcb-dc213d053bd0","family","Form 30B","Default Dispute","general","not researched in current official-source queue","not verified","","user-facing catalogue record","official-identity-ambiguous","Catalogue stage is 'general', so an exact mapping cannot be planned from the export alone."
"2c08c7df-f2d2-4ff2-8306-19db998c9c54","family","Form 31","Contempt Motion","motion","ambiguous-official-identity","Sept. 1, 2005","","user-facing catalogue record","provenance-missing","Official page form number matched, but the page title does not exactly match the catalogue title."
"de9a377d-ab1d-4e4c-a462-c532a7c3ec21","family","Form 31","Notice of Contempt Motion","motion","verified-catalogue-source","Sept. 1, 2005","","user-facing catalogue record","complex-review-required","No precise governing Rule/statute pinpoint and fail-closed applicability boundary were proved in this pass; remain review-required."
"ba6530b4-77e5-4cff-aaea-820a988bae0b","family","Form 32","1 Request to Enforce a Family Arbitration Award","general","not researched in current official-source queue","not verified","","user-facing catalogue record","official-identity-ambiguous","Catalogue stage is 'general', so an exact mapping cannot be planned from the export alone."
"85a40ed6-2ff2-4340-8dcc-84fba5fa7986","family","Form 32","1A Dispute of Request for Enforcement","enforcement","ambiguous-official-identity","Sept. 1, 2005","","user-facing catalogue record","provenance-missing","Official page form number matched, but the page title does not exactly match the catalogue title."
"378e58a8-d2f4-4911-9ef9-9a8249001ed7","family","Form 32","Bond (Recognizance)","general","not researched in current official-source queue","not verified","","user-facing catalogue record","official-identity-ambiguous","Catalogue stage is 'general', so an exact mapping cannot be planned from the export alone."
"ec4d4031-ed4b-441a-9435-2c2dd9b6a125","family","Form 32","Child Protection / Warrant Form","general","not researched in current official-source queue","not verified","","user-facing catalogue record","official-identity-ambiguous","Catalogue stage is 'general', so an exact mapping cannot be planned from the export alone."
"a8489801-ffcc-4bbb-ac86-b1f916cf5551","family","Form 32.1","Dec20","general","not researched in current official-source queue","not verified","","user-facing catalogue record","official-identity-ambiguous","Catalogue stage is 'general', so an exact mapping cannot be planned from the export alone."
"268b6fc8-1f73-454d-9231-fa4679d7876a","family","Form 32.1A","Child Protection / Warrant Form","general","not researched in current official-source queue","not verified","","user-facing catalogue record","official-identity-ambiguous","Catalogue stage is 'general', so an exact mapping cannot be planned from the export alone."
"5dd476eb-4607-4a4d-ac4c-b5083d4f85aa","family","Form 32A","Child Protection / Warrant Form","general","not researched in current official-source queue","not verified","","user-facing catalogue record","official-identity-ambiguous","Catalogue stage is 'general', so an exact mapping cannot be planned from the export alone."
"70e3ac03-88c8-4602-b950-d084a8378e26","family","Form 32A","Notice of Forfeiture Motion","motion","verified-catalogue-source","Sept. 1, 2005","","user-facing catalogue record","complex-review-required","No precise governing Rule/statute pinpoint and fail-closed applicability boundary were proved in this pass; remain review-required."
"4f4bd9e2-b8c0-4491-8330-8311695416e6","family","Form 32B","Child Protection / Warrant Form","general","not researched in current official-source queue","not verified","","user-facing catalogue record","official-identity-ambiguous","Catalogue stage is 'general', so an exact mapping cannot be planned from the export alone."
"b40c7112-92fa-4832-a7c0-902f25e6e30c","family","Form 32B","Warrant for Arrest","general","not researched in current official-source queue","not verified","","user-facing catalogue record","official-identity-ambiguous","Catalogue stage is 'general', so an exact mapping cannot be planned from the export alone."
"e6dc6fc1-5384-4735-aa41-194e736a58fb","family","Form 32C","Affidavit for Warrant of Committal","general","not researched in current official-source queue","not verified","","user-facing catalogue record","official-identity-ambiguous","Catalogue stage is 'general', so an exact mapping cannot be planned from the export alone."
"55f2a6ff-dab9-4b80-90b1-0b1def108e89","family","Form 32C","Child Protection / Warrant Form","general","not researched in current official-source queue","not verified","","user-facing catalogue record","official-identity-ambiguous","Catalogue stage is 'general', so an exact mapping cannot be planned from the export alone."
"a1a441e5-3da1-4375-b014-1786ba1ede26","family","Form 32D","Child Protection / Warrant Form","general","not researched in current official-source queue","not verified","","user-facing catalogue record","official-identity-ambiguous","Catalogue stage is 'general', so an exact mapping cannot be planned from the export alone."
"6ac4655a-579d-46aa-a3e8-8574e60056e0","family","Form 32D","Warrant of Committal","general","not researched in current official-source queue","not verified","","user-facing catalogue record","official-identity-ambiguous","Catalogue stage is 'general', so an exact mapping cannot be planned from the export alone."
"a202fefb-8bb7-43c5-89ae-d00d336da851","family","Form 33","Child Protection Form","general","not researched in current official-source queue","not verified","","user-facing catalogue record","official-identity-ambiguous","Catalogue stage is 'general', so an exact mapping cannot be planned from the export alone."
"c8ea7b03-446e-44c4-89d7-9eecf1ba2b89","family","Form 33","Information for warrant to bring a child to a place of safety","general","not researched in current official-source queue","not verified","","user-facing catalogue record","official-identity-ambiguous","Catalogue stage is 'general', so an exact mapping cannot be planned from the export alone."
"004101e2-0007-4d3d-9202-2685cc2c871e","family","Form 33A","Child Protection Form","general","not researched in current official-source queue","not verified","","user-facing catalogue record","official-identity-ambiguous","Catalogue stage is 'general', so an exact mapping cannot be planned from the export alone."
"4c994057-eebe-40df-9b61-616530693e32","family","Form 33A","Warrant to bring a child to a place of safety","general","not researched in current official-source queue","not verified","","user-facing catalogue record","official-identity-ambiguous","Catalogue stage is 'general', so an exact mapping cannot be planned from the export alone."
"c51b3a08-0498-486b-8f3b-cfdc1f673ae3","family","Form 33B","1 Answer and plan of care (parties other than Children’s Aid Society)","responding","unavailable-official-page","not verified","","user-facing catalogue record","provenance-missing","No current official page was returned at the deterministic official-form URL; do not infer an alternate source."
"60ce82ea-2744-4628-adfa-8ac8840a00c8","family","Form 33B","Plan of care for child(ren) (Children’s Aid Society)","general","not researched in current official-source queue","not verified","","user-facing catalogue record","official-identity-ambiguous","Catalogue stage is 'general', so an exact mapping cannot be planned from the export alone."
"c6f9adc5-a435-4564-a3ce-9b7105ce0720","family","Form 33B.1","Child Protection Form","general","not researched in current official-source queue","not verified","","user-facing catalogue record","official-identity-ambiguous","Catalogue stage is 'general', so an exact mapping cannot be planned from the export alone."
"4e2e7d7b-bd3e-4cd7-8732-8f5e0d92e625","family","Form 33B.2","Answer (Child, Youth and Family Services Act, 2017 cases other than child protection and status review)","responding","unavailable-official-page","not verified","","user-facing catalogue record","provenance-missing","No current official page was returned at the deterministic official-form URL; do not infer an alternate source."
"5730dd39-3a4e-4712-8c59-c900a02ba6f7","family","Form 33B.2","Child Protection Form","general","not researched in current official-source queue","not verified","","user-facing catalogue record","official-identity-ambiguous","Catalogue stage is 'general', so an exact mapping cannot be planned from the export alone."
"2838edd3-11d5-488b-b784-cdb53c6e3db3","family","Form 33C","Child Protection Form","general","not researched in current official-source queue","not verified","","user-facing catalogue record","official-identity-ambiguous","Catalogue stage is 'general', so an exact mapping cannot be planned from the export alone."
"ba65dd67-a041-4af8-a646-adddf46b9b4b","family","Form 33C","Statement of agreed facts (child protection)","general","not researched in current official-source queue","not verified","","user-facing catalogue record","official-identity-ambiguous","Catalogue stage is 'general', so an exact mapping cannot be planned from the export alone."
"cddd08b1-be17-413a-a9e1-9a5e839dcb55","family","Form 33D","Child Protection Form","general","not researched in current official-source queue","not verified","","user-facing catalogue record","official-identity-ambiguous","Catalogue stage is 'general', so an exact mapping cannot be planned from the export alone."
"2a23a1e1-2b38-44e5-9105-cfbe95fef1df","family","Form 33D","Statement of agreed facts (status review)","general","not researched in current official-source queue","not verified","","user-facing catalogue record","official-identity-ambiguous","Catalogue stage is 'general', so an exact mapping cannot be planned from the export alone."
"058a9435-6987-4f05-b70a-2d26f971e4c1","family","Form 33E","Child Protection Form","general","not researched in current official-source queue","not verified","","user-facing catalogue record","official-identity-ambiguous","Catalogue stage is 'general', so an exact mapping cannot be planned from the export alone."
"438e0f4a-abfc-4a66-865c-cdf6c03bc5bc","family","Form 33E","Child’s Consent to Secure Treatment","general","not researched in current official-source queue","not verified","","user-facing catalogue record","official-identity-ambiguous","Catalogue stage is 'general', so an exact mapping cannot be planned from the export alone."
"2e20c149-94c1-42c2-b045-ae5fd828e212","family","Form 33F","Child Protection Form","general","not researched in current official-source queue","not verified","","user-facing catalogue record","official-identity-ambiguous","Catalogue stage is 'general', so an exact mapping cannot be planned from the export alone."
"6a8373f4-f7a5-4a69-bc93-052113903241","family","Form 33F","Consent to Secure Treatment (Person Other than Child)","general","not researched in current official-source queue","not verified","","user-facing catalogue record","official-identity-ambiguous","Catalogue stage is 'general', so an exact mapping cannot be planned from the export alone."
"0efe182c-33c7-446e-b1d5-1a0ad51ef112","family","Form 34","Assessment / Child Protection Form","general","not researched in current official-source queue","not verified","","user-facing catalogue record","official-identity-ambiguous","Catalogue stage is 'general', so an exact mapping cannot be planned from the export alone."
"876d08ae-8a73-4da0-a8a0-0f8347d27508","family","Form 34","Child's Consent to Adoption","general","not researched in current official-source queue","not verified","","user-facing catalogue record","official-identity-ambiguous","Catalogue stage is 'general', so an exact mapping cannot be planned from the export alone."
"a911edbd-91e9-4886-8154-deb482ed764d","family","Form 34A","Affidavit of parentage","general","not researched in current official-source queue","not verified","","user-facing catalogue record","official-identity-ambiguous","Catalogue stage is 'general', so an exact mapping cannot be planned from the export alone."
"0d427a7c-4343-4322-845a-7f2a07efa726","family","Form 34A","Assessment / Child Protection Form","general","not researched in current official-source queue","not verified","","user-facing catalogue record","official-identity-ambiguous","Catalogue stage is 'general', so an exact mapping cannot be planned from the export alone."
"8bc8b0c7-d33a-4507-a36a-1aef888d0b0d","family","Form 34B","Assessment / Child Protection Form","general","not researched in current official-source queue","not verified","","user-facing catalogue record","official-identity-ambiguous","Catalogue stage is 'general', so an exact mapping cannot be planned from the export alone."
"db1857c4-9015-4dac-83bd-6334fb91a754","family","Form 34B","Non-parent’s consent to adoption by spouse","general","not researched in current official-source queue","not verified","","user-facing catalogue record","official-identity-ambiguous","Catalogue stage is 'general', so an exact mapping cannot be planned from the export alone."
"0bf4353b-5516-41e5-839a-976faeccb6a9","family","Form 34C","Assessment / Child Protection Form","general","not researched in current official-source queue","not verified","","user-facing catalogue record","official-identity-ambiguous","Catalogue stage is 'general', so an exact mapping cannot be planned from the export alone."
"e929920c-2bd0-4cfe-abff-ab48adc1dc78","family","Form 34C","Director’s or local director’s statement on adoption","general","not researched in current official-source queue","not verified","","user-facing catalogue record","official-identity-ambiguous","Catalogue stage is 'general', so an exact mapping cannot be planned from the export alone."
"79655d6d-4235-42d0-9b16-081bafc30a9d","family","Form 34D","Affidavit of adoption applicant(s), sworn/affirmed","general","not researched in current official-source queue","not verified","","user-facing catalogue record","official-identity-ambiguous","Catalogue stage is 'general', so an exact mapping cannot be planned from the export alone."
"8f2b0780-f110-488c-8498-1938d3938403","family","Form 34D","Assessment / Child Protection Form","general","not researched in current official-source queue","not verified","","user-facing catalogue record","official-identity-ambiguous","Catalogue stage is 'general', so an exact mapping cannot be planned from the export alone."
"6b56fbc9-c032-451a-9729-db760dff0758","family","Form 34E","Assessment / Child Protection Form","general","not researched in current official-source queue","not verified","","user-facing catalogue record","official-identity-ambiguous","Catalogue stage is 'general', so an exact mapping cannot be planned from the export alone."
"044e7979-8e86-41f9-9ac6-d89085551605","family","Form 34E","Director’s consent to adoption","general","not researched in current official-source queue","not verified","","user-facing catalogue record","official-identity-ambiguous","Catalogue stage is 'general', so an exact mapping cannot be planned from the export alone."
"23381da2-c764-4393-9c29-443d61e1e1b4","family","Form 34F","Assessment / Child Protection Form","general","not researched in current official-source queue","not verified","","user-facing catalogue record","official-identity-ambiguous","Catalogue stage is 'general', so an exact mapping cannot be planned from the export alone."
"253167b2-3b1b-48f6-96df-00984768d255","family","Form 34F","Parent’s or custodian’s consent to adoption","general","not researched in current official-source queue","not verified","","user-facing catalogue record","official-identity-ambiguous","Catalogue stage is 'general', so an exact mapping cannot be planned from the export alone."
"86dc47da-73ef-47fa-876a-1dd0f2d0638d","family","Form 34G","Affidavit of adoption licensee or society employee","general","not researched in current official-source queue","not verified","","user-facing catalogue record","official-identity-ambiguous","Catalogue stage is 'general', so an exact mapping cannot be planned from the export alone."
"ef497bdf-0465-4f7f-882e-0cf61dc44bc5","family","Form 34G","Assessment / Child Protection Form","general","not researched in current official-source queue","not verified","","user-facing catalogue record","official-identity-ambiguous","Catalogue stage is 'general', so an exact mapping cannot be planned from the export alone."
"f3cbd7e0-fc0e-47a7-a57e-c942f8b938a5","family","Form 34G.1","Affidavit of society employee for adoption of a child in extended society care","general","not researched in current official-source queue","not verified","","user-facing catalogue record","official-identity-ambiguous","Catalogue stage is 'general', so an exact mapping cannot be planned from the export alone."
"f1582e30-ac45-49e8-876a-e44ee8dd1792","family","Form 34H","Affidavit of Applicant to a Family Adoption","general","not researched in current official-source queue","not verified","","user-facing catalogue record","official-identity-ambiguous","Catalogue stage is 'general', so an exact mapping cannot be planned from the export alone."
"a1a0f44c-ffea-418c-9fcc-4b093f778c1f","family","Form 34H.1","Affidavit of Person over 18 Living with Applicant to a Family Adoption","general","not researched in current official-source queue","not verified","","user-facing catalogue record","official-identity-ambiguous","Catalogue stage is 'general', so an exact mapping cannot be planned from the export alone."
"e215ab68-06f2-48e1-92ab-cb434f0607ee","family","Form 34I","Assessment / Child Protection Form","general","not researched in current official-source queue","not verified","","user-facing catalogue record","official-identity-ambiguous","Catalogue stage is 'general', so an exact mapping cannot be planned from the export alone."
"cbfc102f-4ab2-418c-a79e-3a72c96a29de","family","Form 34I","Parent’s consent to adoption by spouse","general","not researched in current official-source queue","not verified","","user-facing catalogue record","official-identity-ambiguous","Catalogue stage is 'general', so an exact mapping cannot be planned from the export alone."
"7581329d-4952-46e2-ab80-3dc23b6bc494","family","Form 34J","Affidavit of Execution and Independent Legal Advice (Children’s Lawyer)","general","not researched in current official-source queue","not verified","","user-facing catalogue record","official-identity-ambiguous","Catalogue stage is 'general', so an exact mapping cannot be planned from the export alone."
"498b50a4-c6a3-450a-a9cb-1c3d2f757735","family","Form 34J","Assessment / Child Protection Form","general","not researched in current official-source queue","not verified","","user-facing catalogue record","official-identity-ambiguous","Catalogue stage is 'general', so an exact mapping cannot be planned from the export alone."
"4c93fc78-08fc-4ef7-8a24-2dec4072bde0","family","Form 34K","Certificate of clerk (adoption)","general","not researched in current official-source queue","not verified","","user-facing catalogue record","official-identity-ambiguous","Catalogue stage is 'general', so an exact mapping cannot be planned from the export alone."
"741f4467-7e77-4864-ba92-cdb6afcc7ca7","family","Form 34L","Application for openness order","starting-case","unavailable-official-page","not verified","","user-facing catalogue record","provenance-missing","No current official page was returned at the deterministic official-form URL; do not infer an alternate source."
"3c76e072-3e26-4bfa-9469-e92e6a26fb95","family","Form 34L","Assessment / Child Protection Form","general","not researched in current official-source queue","not verified","","user-facing catalogue record","official-identity-ambiguous","Catalogue stage is 'general', so an exact mapping cannot be planned from the export alone."
"221f5111-0b83-4d9b-a450-84bfc9353f56","family","Form 34M","Assessment / Child Protection Form","general","not researched in current official-source queue","not verified","","user-facing catalogue record","official-identity-ambiguous","Catalogue stage is 'general', so an exact mapping cannot be planned from the export alone."
"412144d0-4ba3-4318-ab1e-96072c622125","family","Form 34M","Consent to openness order under s. 194 of the Child, Youth and Family Services Act, 2017","already-started","unavailable-official-page","not verified","","user-facing catalogue record","provenance-missing","No current official page was returned at the deterministic official-form URL; do not infer an alternate source."
"23126f70-6fb4-4d9c-9810-7c3dcf03ade1","family","Form 34M.1","Assessment / Child Protection Form","general","not researched in current official-source queue","not verified","","user-facing catalogue record","official-identity-ambiguous","Catalogue stage is 'general', so an exact mapping cannot be planned from the export alone."
"fbef45d4-0e43-4b62-969b-01fa11844d22","family","Form 34M.1","Consent to openness order under s. 196 or 197 of the Child, Youth and Family Services Act, 2017","already-started","unavailable-official-page","not verified","","user-facing catalogue record","provenance-missing","No current official page was returned at the deterministic official-form URL; do not infer an alternate source."
"df9bdd7a-3858-478e-be28-8888c0926b9e","family","Form 34N","Application to change or terminate openness order","starting-case","unavailable-official-page","not verified","","user-facing catalogue record","provenance-missing","No current official page was returned at the deterministic official-form URL; do not infer an alternate source."
"2cd455ff-a56d-42e1-9cab-b77a889ea8ae","family","Form 34N","Assessment / Child Protection Form","general","not researched in current official-source queue","not verified","","user-facing catalogue record","official-identity-ambiguous","Catalogue stage is 'general', so an exact mapping cannot be planned from the export alone."
"8181d107-ff8e-49dd-a952-7cb85a77c963","family","Form 35","1A Affidavit (child protection information)","general","not researched in current official-source queue","not verified","","user-facing catalogue record","official-identity-ambiguous","Catalogue stage is 'general', so an exact mapping cannot be planned from the export alone."
"501395c9-f7a4-4214-b13b-30b38ce5d85c","family","Form 35.1","Affidavit (decision-making responsibility, parenting time, contact)","general","not researched in current official-source queue","not verified","","user-facing catalogue record","mapped-and-verified","Active exact canonical mapping in readonly export."
"0d45def1-ed6b-4df3-a062-f5ee8bf52682","family","Form 35.1","Affidavit for","general","not researched in current official-source queue","not verified","","user-facing catalogue record","official-identity-ambiguous","Catalogue stage is 'general', so an exact mapping cannot be planned from the export alone."
"ca6cd87b-c976-4a6e-bc54-2eac41abcbae","family","Form 35.1A","Affidavit for","general","not researched in current official-source queue","not verified","","user-facing catalogue record","official-identity-ambiguous","Catalogue stage is 'general', so an exact mapping cannot be planned from the export alone."
"3b56a9b8-179a-4e60-a2c6-0054e64c07e8","family","Form 36","Affidavit for Divorce","general","not researched in current official-source queue","not verified","","user-facing catalogue record","official-identity-ambiguous","Catalogue stage is 'general', so an exact mapping cannot be planned from the export alone."
"4cd9aad1-3f05-461c-8e75-e1c4321002d3","family","Form 36","Divorce Form","general","not researched in current official-source queue","not verified","","user-facing catalogue record","official-identity-ambiguous","Catalogue stage is 'general', so an exact mapping cannot be planned from the export alone."
"f3fdcea4-5fb7-4056-a191-120cf5f26fbf","family","Form 36A","Certificate of Clerk (Divorce)","general","not researched in current official-source queue","not verified","","user-facing catalogue record","official-identity-ambiguous","Catalogue stage is 'general', so an exact mapping cannot be planned from the export alone."
"00fa6e16-c46d-4ab1-95c9-963a33c0f5c2","family","Form 36A","Divorce Form","general","not researched in current official-source queue","not verified","","user-facing catalogue record","official-identity-ambiguous","Catalogue stage is 'general', so an exact mapping cannot be planned from the export alone."
"2ea3c689-7fea-4d3f-a426-013d1df0d439","family","Form 36B","Certificate of Divorce","general","not researched in current official-source queue","not verified","","user-facing catalogue record","official-identity-ambiguous","Catalogue stage is 'general', so an exact mapping cannot be planned from the export alone."
"d46079c0-f5e5-43d9-9fd9-37c4a34743a9","family","Form 36B","Divorce Form","general","not researched in current official-source queue","not verified","","user-facing catalogue record","official-identity-ambiguous","Catalogue stage is 'general', so an exact mapping cannot be planned from the export alone."
"5fc760cd-1d67-4dd6-8348-a59c96025ac4","family","Form 37","Notice of Hearing","general","not researched in current official-source queue","not verified","","user-facing catalogue record","official-identity-ambiguous","Catalogue stage is 'general', so an exact mapping cannot be planned from the export alone."
"236c3993-208b-4f24-95d5-a6875c0c1f3e","family","Form 37A","Information Sheet","general","not researched in current official-source queue","not verified","","user-facing catalogue record","official-identity-ambiguous","Catalogue stage is 'general', so an exact mapping cannot be planned from the export alone."
"4011aea7-9b5e-4de7-b35a-5f3c2b969c93","family","Form 37B","Direction to Request Further Information","general","not researched in current official-source queue","not verified","","user-facing catalogue record","official-identity-ambiguous","Catalogue stage is 'general', so an exact mapping cannot be planned from the export alone."
"7bed11c1-f109-45b1-b693-a9f6c76c1612","family","Form 37C","Notice of Continuation of Hearing","general","not researched in current official-source queue","not verified","","user-facing catalogue record","official-identity-ambiguous","Catalogue stage is 'general', so an exact mapping cannot be planned from the export alone."
"97ea68c9-8f3c-498c-9f98-016dec49249d","family","Form 37D","Notice of Registration of Order","general","not researched in current official-source queue","not verified","","user-facing catalogue record","official-identity-ambiguous","Catalogue stage is 'general', so an exact mapping cannot be planned from the export alone."
"810834e3-e9d2-489a-b388-07529b688d4f","family","Form 37E","Notice for Taking Further Evidence","general","not researched in current official-source queue","not verified","","user-facing catalogue record","official-identity-ambiguous","Catalogue stage is 'general', so an exact mapping cannot be planned from the export alone."
"a7040849-36b8-40e2-b776-49df3684f2a9","family","Form 38","Appeal","general","not researched in current official-source queue","not verified","","user-facing catalogue record","official-identity-ambiguous","Catalogue stage is 'general', so an exact mapping cannot be planned from the export alone."
"6c998c13-8c58-4726-b8d7-cb49c0fe7336","family","Form 38","Notice of Appeal","general","not researched in current official-source queue","not verified","","user-facing catalogue record","official-identity-ambiguous","Catalogue stage is 'general', so an exact mapping cannot be planned from the export alone."
"56f8fef9-5c0a-474b-9823-233f83a43efd","family","Form 39","Notice of Appeal","general","not researched in current official-source queue","not verified","","user-facing catalogue record","official-identity-ambiguous","Catalogue stage is 'general', so an exact mapping cannot be planned from the export alone."
"1d8f65cf-cfff-4eaf-a763-24b81db9002d","family","Form 39","Notice of Approaching Dismissal","general","not researched in current official-source queue","not verified","","user-facing catalogue record","official-identity-ambiguous","Catalogue stage is 'general', so an exact mapping cannot be planned from the export alone."
"1524bd9d-1140-4855-80c9-c20727bb2bac","family","Form 43","Binding Judicial Dispute Resolution Hearing Request and Consent","general","not researched in current official-source queue","not verified","","user-facing catalogue record","official-identity-ambiguous","Catalogue stage is 'general', so an exact mapping cannot be planned from the export alone."
"5ab4dadf-1a3c-447b-8f1b-c942e33d31b3","family","Form 43A","Binding Judicial Dispute Resolution Hearing Request and Consent – Office of the Children’s Lawyer","general","not researched in current official-source queue","not verified","","user-facing catalogue record","official-identity-ambiguous","Catalogue stage is 'general', so an exact mapping cannot be planned from the export alone."
"cd66d238-d708-4cb1-a3b2-7d46d846fce9","family","Form 43B","Affidavit for Binding Judicial Dispute Resolution Hearing","general","not researched in current official-source queue","not verified","","user-facing catalogue record","official-identity-ambiguous","Catalogue stage is 'general', so an exact mapping cannot be planned from the export alone."
"54b839e0-0c40-4444-b249-69f41cf93a57","family","Form 43C","Confirmation of Binding Judicial Dispute Resolution Hearing","general","not researched in current official-source queue","not verified","","user-facing catalogue record","official-identity-ambiguous","Catalogue stage is 'general', so an exact mapping cannot be planned from the export alone."
"32a15f48-1a85-4d1f-b8ff-8894d441f061","family","Form 6","Acknowledgment of Service","already-started","verified-catalogue-source","Sept. 1, 2005","","user-facing catalogue record","complex-review-required","No precise governing Rule/statute pinpoint and fail-closed applicability boundary were proved in this pass; remain review-required."
"d15846ca-8798-4f52-bd04-1a262663301a","family","Form 6A","Acknowledgment of Service","already-started","ambiguous-official-identity","March 19, 2015","","user-facing catalogue record","provenance-missing","Official page form number matched, but the page title does not exactly match the catalogue title."
"330d839f-1806-4551-afc1-46f0b6786758","family","Form 6A","Advertisement","general","not researched in current official-source queue","not verified","","user-facing catalogue record","official-identity-ambiguous","Catalogue stage is 'general', so an exact mapping cannot be planned from the export alone."
"21fd1fd2-2d0f-486d-abbf-41faab3d488c","family","Form 6B","Affidavit of Service","already-started","not researched in current official-source queue","not verified","","user-facing catalogue record","mapped-and-verified","Active exact canonical mapping in readonly export."
"2d94df40-4985-49e6-a136-9d1a6dd7cb1d","family","Form 6C","Lawyer or Paralegal's Certificate of Service","already-started","ambiguous-official-identity","April 1, 2023","","user-facing catalogue record","provenance-missing","Official page form number matched, but the page title does not exactly match the catalogue title."
"a164aca2-e415-4956-adaa-35f117a35d9c","family","Form 8","01 Automatic Order","general","not researched in current official-source queue","not verified","","user-facing catalogue record","official-identity-ambiguous","Catalogue stage is 'general', so an exact mapping cannot be planned from the export alone."
"82d885fe-4f0e-4e37-adce-6c1ff331f3f1","family","Form 8","Application (General)","starting-case","not researched in current official-source queue","not verified","","user-facing catalogue record","mapped-and-verified","Active exact canonical mapping in readonly export."
"03664f12-87b9-439c-a896-5ffeb0dd738e","family","Form 8A","Application (Divorce)","starting-case","not researched in current official-source queue","not verified","","user-facing catalogue record","mapped-and-verified","Active exact canonical mapping in readonly export."
"395dc0c0-05ce-41f6-b944-a75ab756c279","family","Form 8B","Application (child protection and status review)","starting-case","verified-catalogue-source","Feb. 1, 2022","","user-facing catalogue record","complex-review-required","No precise governing Rule/statute pinpoint and fail-closed applicability boundary were proved in this pass; remain review-required."
"2f7422d0-e52b-4d91-b30f-56fc7f92c2a6","family","Form 8B.1","Application (status review for child in extended society care and child formerly in extended society care)","starting-case","unavailable-official-page","not verified","","user-facing catalogue record","provenance-missing","No current official page was returned at the deterministic official-form URL; do not infer an alternate source."
"c3b6b8b4-cae8-46b4-af4b-4685af516e3a","family","Form 8B.1","Form 8b.1 2018","general","not researched in current official-source queue","not verified","","user-facing catalogue record","official-identity-ambiguous","Catalogue stage is 'general', so an exact mapping cannot be planned from the export alone."
"0b151de6-e408-4bf9-9a84-d03a4b6f7aa3","family","Form 8B.2","Application (general) (Child, Youth and Family Services Act, 2017 cases other than child protection and status review)","starting-case","unavailable-official-page","not verified","","user-facing catalogue record","provenance-missing","No current official page was returned at the deterministic official-form URL; do not infer an alternate source."
"2a1502ba-7dfc-4224-bda7-9a983f8a8490","family","Form 8B.2","Form 8b.2 2018","general","not researched in current official-source queue","not verified","","user-facing catalogue record","official-identity-ambiguous","Catalogue stage is 'general', so an exact mapping cannot be planned from the export alone."
"e58550c7-6572-4492-9a53-a9454472653c","family","Form 8C","Application (secure treatment)","starting-case","unavailable-official-page","not verified","","user-facing catalogue record","provenance-missing","No current official page was returned at the deterministic official-form URL; do not infer an alternate source."
"8ee6b80b-8e7d-499b-92be-a2e4f8edb293","family","Form 8C","Form 8c 2018","general","not researched in current official-source queue","not verified","","user-facing catalogue record","official-identity-ambiguous","Catalogue stage is 'general', so an exact mapping cannot be planned from the export alone."
"50666c7e-aec0-4f5d-aab7-225d220da5c0","family","Form 8D","Application (adoption)","starting-case","verified-catalogue-source","May 26, 2025","","user-facing catalogue record","complex-review-required","No precise governing Rule/statute pinpoint and fail-closed applicability boundary were proved in this pass; remain review-required."
"29d1c92a-98fd-4c2f-b4b8-e656412ea7dc","family","Form 8D.1","1","general","not researched in current official-source queue","not verified","","user-facing catalogue record","official-identity-ambiguous","Catalogue stage is 'general', so an exact mapping cannot be planned from the export alone."
"68571081-a44d-491d-840c-0be658e74357","family","Form 8D.2","Form 8d.2 2018","general","not researched in current official-source queue","not verified","","user-facing catalogue record","official-identity-ambiguous","Catalogue stage is 'general', so an exact mapping cannot be planned from the export alone."
"fcadb92a-d31a-46ba-9f1f-5062a65d8dc0","family","Form 8D.2","Notice of intention to place child(ren) for adoption","general","not researched in current official-source queue","not verified","","user-facing catalogue record","official-identity-ambiguous","Catalogue stage is 'general', so an exact mapping cannot be planned from the export alone."
"5ff52dbf-321c-49e0-957d-df76e6de102d","family","Form 8D.3","Form 8d.3 2018","general","not researched in current official-source queue","not verified","","user-facing catalogue record","official-identity-ambiguous","Catalogue stage is 'general', so an exact mapping cannot be planned from the export alone."
"ec339f3a-0876-474b-95a6-5bd33c23b3ba","family","Form 8D.3","Notice of intention to place First Nations, Inuk or Métis child for adoption","general","not researched in current official-source queue","not verified","","user-facing catalogue record","official-identity-ambiguous","Catalogue stage is 'general', so an exact mapping cannot be planned from the export alone."
"ffb700d9-73da-4c4a-a901-7f4006823446","small-claims","Form 01B","1B Request to Change Attendance Method","general","not researched in current official-source queue","not verified","","user-facing catalogue record","official-identity-ambiguous","Catalogue stage is 'general', so an exact mapping cannot be planned from the export alone."
"dffd3bfe-b3c6-4983-bb01-86fee338ebce","small-claims","Form 01C","1C Objection to Request to Change Attendance Method","general","not researched in current official-source queue","not verified","","user-facing catalogue record","official-identity-ambiguous","Catalogue stage is 'general', so an exact mapping cannot be planned from the export alone."
"a9359589-58d6-4255-b07f-5054ef5be3e2","small-claims","Form 10A","Defendant's Claim","starting-case","not researched in current official-source queue","not verified","","user-facing catalogue record","mapped-and-verified","Active exact canonical mapping in readonly export."
"cc40ee0f-d947-4b12-a6e7-5acb7cff1084","small-claims","Form 11","2A Request for Clerk’s Order on Consent","general","not researched in current official-source queue","not verified","","user-facing catalogue record","official-identity-ambiguous","Catalogue stage is 'general', so an exact mapping cannot be planned from the export alone."
"4300c97c-a430-45b4-b7cb-da90f0d9be20","small-claims","Form 11.3A","Notice of Discontinued Claim","already-started","unavailable-official-page","not verified","","user-facing catalogue record","provenance-missing","No current official page was returned at the deterministic official-form URL; do not infer an alternate source."
"aea66bb1-804f-4639-a3e6-e5f3ae84c00b","small-claims","Form 11A","Affidavit for Jurisdiction","general","not researched in current official-source queue","not verified","","user-facing catalogue record","official-identity-ambiguous","Catalogue stage is 'general', so an exact mapping cannot be planned from the export alone."
"3915228f-c604-43b8-9406-cf158d057137","small-claims","Form 11A","Notice of Motion and Supporting Affidavit","motion","unavailable-official-page","not verified","","user-facing catalogue record","provenance-missing","No current official page was returned at the deterministic official-form URL; do not infer an alternate source."
"bbe8a680-cdeb-4efc-9bb3-d14cff305e19","small-claims","Form 11B","Default Judgment","general","not researched in current official-source queue","not verified","","user-facing catalogue record","official-identity-ambiguous","Catalogue stage is 'general', so an exact mapping cannot be planned from the export alone."
"6e9981cd-a1bb-4342-bc61-f4955b72c177","small-claims","Form 13A","List of Proposed Witnesses","general","not researched in current official-source queue","not verified","","user-facing catalogue record","official-identity-ambiguous","Catalogue stage is 'general', so an exact mapping cannot be planned from the export alone."
"5f0c27ad-9c2c-4397-9850-ab40b01dd158","small-claims","Form 13B","Consent","general","not researched in current official-source queue","not verified","","user-facing catalogue record","official-identity-ambiguous","Catalogue stage is 'general', so an exact mapping cannot be planned from the export alone."
"c8d8d215-6d71-4538-b392-fc480467e649","small-claims","Form 14A","Offer to Settle","general","not researched in current official-source queue","not verified","","user-facing catalogue record","official-identity-ambiguous","Catalogue stage is 'ambiguous-asset-stage', so an exact mapping cannot be planned from the export alone."
"c0eb3309-d2cc-4e39-aa05-2f60b1e2b68d","small-claims","Form 14B","Acceptance of Offer to Settle","general","not researched in current official-source queue","not verified","","user-facing catalogue record","official-identity-ambiguous","Catalogue stage is 'ambiguous-asset-stage', so an exact mapping cannot be planned from the export alone."
"c9a9b159-e080-47f1-9702-5e98f934b896","small-claims","Form 14C","Notice of Withdrawal of Offer to Settle","general","not researched in current official-source queue","not verified","","user-facing catalogue record","official-identity-ambiguous","Catalogue stage is 'ambiguous-asset-stage', so an exact mapping cannot be planned from the export alone."
"4c010070-52ba-483e-bcf6-94eaa9f01c39","small-claims","Form 14D","Terms of Settlement","general","not researched in current official-source queue","not verified","","user-facing catalogue record","official-identity-ambiguous","Catalogue stage is 'general', so an exact mapping cannot be planned from the export alone."
"c64b6ee4-f865-4da7-a8e9-6d26762d7098","small-claims","Form 15A","Notice of Motion and Supporting Affidavit","motion","unavailable-official-page","not verified","","user-facing catalogue record","provenance-missing","No current official page was returned at the deterministic official-form URL; do not infer an alternate source."
"9d32673a-5253-4c56-b0de-58961d54ff5a","small-claims","Form 15B","Affidavit","general","not researched in current official-source queue","not verified","","user-facing catalogue record","official-identity-ambiguous","Catalogue stage is 'general', so an exact mapping cannot be planned from the export alone."
"dd810825-258c-4a5c-bf09-e45c4835e8b2","small-claims","Form 18A","Summons to Witness","general","not researched in current official-source queue","not verified","","user-facing catalogue record","official-identity-ambiguous","Catalogue stage is 'general', so an exact mapping cannot be planned from the export alone."
"ad19b220-c666-4c98-98d3-592d121a9de4","small-claims","Form 18B","Warrant for Arrest of Defaulting Witness","general","not researched in current official-source queue","not verified","","user-facing catalogue record","official-identity-ambiguous","Catalogue stage is 'general', so an exact mapping cannot be planned from the export alone."
"d6ffe826-e233-494a-9f30-b21a2a9b98f0","small-claims","Form 1A","1 Additional Debtors","general","not researched in current official-source queue","not verified","","user-facing catalogue record","official-identity-ambiguous","Catalogue stage is 'general', so an exact mapping cannot be planned from the export alone."
"cd87fefd-436d-43c2-b6b8-8ded924b3342","small-claims","Form 1A","Additional Parties","general","not researched in current official-source queue","not verified","","user-facing catalogue record","official-identity-ambiguous","Catalogue stage is 'general', so an exact mapping cannot be planned from the export alone."
"","small-claims","Form 20A","Certificate of Judgment","general","not researched in current official-source queue","not verified","","user-facing catalogue record","official-identity-ambiguous","No current clean-view routing record."
"1a170388-b11c-4642-a61a-bb95cb6da8ac","small-claims","Form 20B","Writ of Delivery","enforcement","unavailable-official-page","not verified","","user-facing catalogue record","provenance-missing","No current official page was returned at the deterministic official-form URL; do not infer an alternate source."
"331da395-14c2-46b2-a435-fd82c83ee77e","small-claims","Form 20C","Notice of Examination","general","not researched in current official-source queue","not verified","","user-facing catalogue record","official-identity-ambiguous","Catalogue stage is 'general', so an exact mapping cannot be planned from the export alone."
"39a9d6fc-b76a-426c-a54c-29a0c3be226f","small-claims","Form 20C","Writ of Seizure and Sale of Personal Property","enforcement","verified-catalogue-source","May 1, 2025","","user-facing catalogue record","complex-review-required","No precise governing Rule/statute pinpoint and fail-closed applicability boundary were proved in this pass; remain review-required."
"","small-claims","Form 20D","Writ of Seizure and Sale of Land","enforcement","not researched in current official-source queue","not verified","","user-facing catalogue record","official-identity-ambiguous","No current clean-view routing record."
"","small-claims","Form 20E","Notice of Garnishment","enforcement","not researched in current official-source queue","not verified","","user-facing catalogue record","official-identity-ambiguous","No current clean-view routing record."
"7398efae-d96e-428e-bcd5-a8eddfdc1574","small-claims","Form 20E.1","Notice of Renewal of Garnishment","enforcement","verified-catalogue-source","Jan. 1, 2021","","user-facing catalogue record","complex-review-required","No precise governing Rule/statute pinpoint and fail-closed applicability boundary were proved in this pass; remain review-required."
"3a7290c4-6ed9-49bf-9571-35ce79421ead","small-claims","Form 20F","Garnishee's Statement","general","not researched in current official-source queue","not verified","","user-facing catalogue record","official-identity-ambiguous","Catalogue stage is 'general', so an exact mapping cannot be planned from the export alone."
"84a554f3-99f8-4a78-9152-636d5c0fc290","small-claims","Form 20F","Garnishee's Statement - .","general","not researched in current official-source queue","not verified","","user-facing catalogue record","official-identity-ambiguous","Catalogue stage is 'general', so an exact mapping cannot be planned from the export alone."
"96b9d64f-57e4-4eb8-b173-440ffef44467","small-claims","Form 20G","Notice to Co-owner of Debt","general","not researched in current official-source queue","not verified","","user-facing catalogue record","official-identity-ambiguous","Catalogue stage is 'general', so an exact mapping cannot be planned from the export alone."
"f8c5b977-ab57-4f06-86b5-f9bf1b9524b1","small-claims","Form 20H","Notice of Examination","general","not researched in current official-source queue","not verified","","user-facing catalogue record","official-identity-ambiguous","Catalogue stage is 'general', so an exact mapping cannot be planned from the export alone."
"70da2685-9095-4d17-93a7-560bfac9925e","small-claims","Form 20I","Financial Information Form","general","not researched in current official-source queue","not verified","","user-facing catalogue record","official-identity-ambiguous","Catalogue stage is 'general', so an exact mapping cannot be planned from the export alone."
"fa43eb9e-7009-4bb1-8c45-8bea64ccb998","small-claims","Form 20J","Warrant of Committal","general","not researched in current official-source queue","not verified","","user-facing catalogue record","official-identity-ambiguous","Catalogue stage is 'general', so an exact mapping cannot be planned from the export alone."
"ce797e4a-329b-4470-94cf-43b107445c01","small-claims","Form 20K","Identification Form","general","not researched in current official-source queue","not verified","","user-facing catalogue record","official-identity-ambiguous","Catalogue stage is 'general', so an exact mapping cannot be planned from the export alone."
"46aa9121-cd78-46c6-950d-0e2605d9b096","small-claims","Form 20L","Notice of Default of Payment","general","not researched in current official-source queue","not verified","","user-facing catalogue record","official-identity-ambiguous","Catalogue stage is 'general', so an exact mapping cannot be planned from the export alone."
"3f693968-adb3-44bc-a6aa-1c721c877a28","small-claims","Form 20M","Affidavit of Default of Payment","general","not researched in current official-source queue","not verified","","user-facing catalogue record","official-identity-ambiguous","Catalogue stage is 'general', so an exact mapping cannot be planned from the export alone."
"29a85a4b-05bb-47e6-ac3a-75c9c614973c","small-claims","Form 20N","Request to Renew Writ of Seizure and Sale","enforcement","unavailable-official-page","not verified","","user-facing catalogue record","provenance-missing","No current official page was returned at the deterministic official-form URL; do not infer an alternate source."
"f059db48-516f-4342-b463-10a9122de6a2","small-claims","Form 20O","Direction to Enforce Writ of Seizure and Sale of Personal Property","enforcement","ambiguous-official-identity","Jan. 23, 2014","","user-facing catalogue record","provenance-missing","Official page form number matched, but the page title does not exactly match the catalogue title."
"66684b2b-c031-488e-8e19-c0c4d40c4d6c","small-claims","Form 20P","Affidavit for Enforcement Request","enforcement","unavailable-official-page","not verified","","user-facing catalogue record","provenance-missing","No current official page was returned at the deterministic official-form URL; do not infer an alternate source."
"c90c79ac-0071-44d3-9d7e-8bbe60b424a2","small-claims","Form 20Q","Notice of Garnishment Hearing","enforcement","unavailable-official-page","not verified","","user-facing catalogue record","provenance-missing","No current official page was returned at the deterministic official-form URL; do not infer an alternate source."
"d30522f0-e648-4478-972e-5f6f671ef39b","small-claims","Form 20R","Notice of Termination of Garnishment","enforcement","unavailable-official-page","not verified","","user-facing catalogue record","provenance-missing","No current official page was returned at the deterministic official-form URL; do not infer an alternate source."
"d2b62ce9-208a-4c13-abb7-7df34339c2b5","small-claims","Form 20R","Notice of Termination of Garnishment - .","enforcement","unavailable-official-page","not verified","","user-facing catalogue record","provenance-missing","No current official page was returned at the deterministic official-form URL; do not infer an alternate source."
"11d29a6f-8a01-48a6-bb76-f8246e853006","small-claims","Form 4A","Consent to Act as Litigation Guardian","general","not researched in current official-source queue","not verified","","user-facing catalogue record","official-identity-ambiguous","Catalogue stage is 'general', so an exact mapping cannot be planned from the export alone."
"e3c5b69e-4578-4c2d-91e8-c36cf3811001","small-claims","Form 4B","Affidavit (Motion for Payment Out of Court)","motion","unavailable-official-page","not verified","","user-facing catalogue record","provenance-missing","No current official page was returned at the deterministic official-form URL; do not infer an alternate source."
"4c05c9e1-14cf-493e-982a-c14ffc1db4c5","small-claims","Form 5A","Notice to Alleged Partner","general","not researched in current official-source queue","not verified","","user-facing catalogue record","official-identity-ambiguous","Catalogue stage is 'general', so an exact mapping cannot be planned from the export alone."
"a289d2a2-a691-45eb-a625-15c42c6da695","small-claims","Form 7A","Plaintiff's Claim","starting-case","not researched in current official-source queue","not verified","","user-facing catalogue record","mapped-and-verified","Active exact canonical mapping in readonly export."
"a576815d-2bc8-4a13-9502-348eec5819e2","small-claims","Form 8A","Affidavit of Service","already-started","not researched in current official-source queue","not verified","","user-facing catalogue record","mapped-and-verified","Active exact canonical mapping in readonly export."
"b57f8c42-6816-4ef6-9ae3-6469b5d037ad","small-claims","Form 8B","Lawyer or Paralegal’s Certificate of Service","already-started","ambiguous-official-identity","Aug. 1, 2022","","user-facing catalogue record","provenance-missing","Multiple canonical IDs resolve to the same current official form page; survivor identity requires a separate canonical-ID repair review."
"7768bbfe-7dbd-47d7-b6ee-66b479e7282d","small-claims","Form 8B","Lawyer or Paralegal’s Certificate of Service .","already-started","ambiguous-official-identity","Aug. 1, 2022","","user-facing catalogue record","provenance-missing","Multiple canonical IDs resolve to the same current official form page; survivor identity requires a separate canonical-ID repair review."
"b429d68c-e1d4-4eb0-b7a2-4a0069e173d6","small-claims","Form 9A","Defence","responding","not researched in current official-source queue","not verified","","user-facing catalogue record","mapped-and-verified","Active exact canonical mapping in readonly export."
"1c785e1a-861e-49d2-8614-2419c7fef6df","small-claims","Form 9B","Request to Clerk","general","not researched in current official-source queue","not verified","","user-facing catalogue record","official-identity-ambiguous","Catalogue stage is 'general', so an exact mapping cannot be planned from the export alone."
