"id","type","pathway","stage","current_text","source_url","appears_in","version","status","reviewed_by","reviewed_at","reviewer_note"
"sc-orient-when-happened","intake-question","small-claims","orientation","Roughly when did the situation that led to this claim happen?","","Guided intake and the Small Claims static form","967438924","draft","","",""
"sc-orient-role","intake-question","small-claims","orientation","Are you the person or business bringing this claim, or the one responding to a claim?","","Guided intake and the Small Claims static form","245995982","draft","","",""
"sc-orient-dispute-category","intake-question","small-claims","orientation","What kind of dispute is this?","","Guided intake and the Small Claims static form","1094015264","draft","","",""
"sc-amount-claimed","intake-question","small-claims","substance","What is the total dollar amount you are claiming?

Why: Small Claims Court can only hear claims up to $50,000 (effective October 1, 2025), excluding interest and costs -- if your amount is higher, this may not be the right court.","https://www.ontario.ca/page/suing-someone-small-claims-court","Guided intake and the Small Claims static form","667017010","draft","","",""
"sc-defamation-publication-details","intake-question","small-claims","substance","What exact words were said or written, who received or saw them, and when did that happen?","","Guided intake and the Small Claims static form","2131833377","draft","","",""
"sc-claim-filed","intake-question","small-claims","substance","Has a Plaintiff's Claim (Form 7A) already been filed with the court?

Why: This is the form that formally starts a Small Claims Court case.","https://www.ontario.ca/document/guide-procedures-small-claims-court/making-claim","Guided intake and the Small Claims static form","1922858171","draft","","",""
"sc-defendant-served","intake-question","small-claims","substance","Has the other party been formally served with the claim, and do you have a completed Affidavit of Service (Form 8A)?

Why: The court needs proof of service before a case can move forward without a response.","https://www.ontario.ca/document/guide-procedures-small-claims-court/serving-documents","Guided intake and the Small Claims static form","572618384","draft","","",""
"sc-defence-filed","intake-question","small-claims","substance","Has the other party filed a Defence with the court?

Why: A defendant generally has 20 calendar days to serve and file a defence. If that time has passed with no defence filed, the plaintiff may be able to ask the court to note the defendant in default.","https://www.ontariocourts.ca/scj/areas-of-law/small-claims-court/default-proceedings/","Guided intake and the Small Claims static form","1500715436","draft","","",""
"sc-defence-time-elapsed","intake-question","small-claims","substance","Has it been 20 calendar days since the defendant was served with the claim?

Why: This helps identify the procedural stage after service when no Defence has been recorded.","https://www.ontariocourts.ca/scj/areas-of-law/small-claims-court/default-proceedings/","Guided intake and the Small Claims static form","1142008788","draft","","",""
"sc-defendant-noted-in-default","intake-question","small-claims","substance","If the defendant hasn't filed a Defence: what date were they served, and how was the claim served on them? And have you already asked the court to note them in default?

Why: A defendant who wants to dispute a claim has 20 days from being served to serve and file a Defence. How that period is counted is set by the Rules: the first day is excluded and the last day is included, and if the last day falls on a holiday the period ends on the next day that is not a holiday -- and ""holiday"" is defined to include any Saturday or Sunday. So weekends in the middle are counted and extend nothing; only the last day moves. When service counts as effective depends on how it was done. Served in person, it is the day it happened. Where a claim is sent to an individual's home by registered mail or courier and a signature verifying receipt is obtained, the Rules make service effective on the date that signature shows receipt -- not the date of mailing. (The separate five-day rule for documents sent by mail or courier expressly does NOT apply to a claim served that way.) One thing the Rules do not say: how those service-effectiveness provisions interact with the counting rule -- whether the effective day is the excluded first day, for instance. Because the regulation is silent on that, this site does not calculate the date for you. These are the facts to confirm so you can work it out, and the court or a licensed paralegal or lawyer can confirm it.","https://www.ontario.ca/laws/docs/980258_e.doc","Guided intake and the Small Claims static form","1958660250","draft","","",""
"sc-defendant-claim-received","intake-question","small-claims","substance","When did you receive the Plaintiff's Claim, and what court documents did you receive?","","Guided intake and the Small Claims static form","1889329209","draft","","",""
"sc-defendant-response-facts","intake-question","small-claims","substance","In your own words, which facts in the Plaintiff's Claim do you agree with, and which facts do you disagree with?","","Guided intake and the Small Claims static form","598572794","draft","","",""
"sc-defendant-response-evidence","intake-question","small-claims","substance","What documents, messages, photos, receipts, or witness information do you have about your response?","","Guided intake and the Small Claims static form","780867318","draft","","",""
"sc-defendant-outcome","intake-question","small-claims","substance","Are you only responding to the Plaintiff's Claim, or are you asking the court for an outcome of your own? Describe it in your own words.","","Guided intake and the Small Claims static form","1313062738","draft","","",""
"sc-defendant-service-method","intake-question","small-claims","substance","How was the Plaintiff's Claim delivered to you -- handed to you in person, left with someone else, sent by registered mail or courier, by email, or another way? And what date did that happen?

Why: A defendant who wants to dispute a claim has 20 days from being served to serve and file a Defence. When service counts as effective depends on how it was done: in person, it is the day it happened; where a claim is sent to an individual's home by registered mail or courier and a signature verifying receipt is obtained, the Rules make service effective on the date that signature shows receipt, not the date of mailing. (The separate five-day rule for documents sent by mail or courier expressly does NOT apply to a claim served that way.) The Rules also count a period by excluding the first day and including the last, and if the last day falls on a holiday the period ends on the next day that is not a holiday -- with ""holiday"" defined to include any Saturday or Sunday, so weekends in between are counted and extend nothing. What the Rules do NOT say is how those two things interact -- whether the effective day is the excluded first day, for instance. Because the regulation is silent on that, this site does not calculate the date for you. These are the facts to write down so you can work it out, and the court or a licensed paralegal or lawyer can confirm it.","https://www.ontario.ca/laws/docs/980258_e.doc","Guided intake and the Small Claims static form","337970918","draft","","",""
"sc-defendant-counterclaim","intake-question","small-claims","substance","Do you believe the plaintiff -- or someone else -- owes you money or is responsible for part of what happened? And have you already started your own claim about it?

Why: A defendant can bring their own claim against the plaintiff or someone else as part of the same case, called a Defendant's Claim (Form 10A). The Rules say it may be ISSUED within 20 days after the day the defence is filed -- issuing and filing are different steps, and the 20 days runs from the day the defence was filed, not from when it was served or received. Missing that window does not end it: after those 20 days a Defendant's Claim may still be issued with leave of the court, at any point before trial or default judgment. After trial or default judgment that route is no longer available. Once issued it still has to be served on every person it is made against. Whether any of that fits your situation is yours to decide -- this question only records what you think happened and what you have done so far.","https://www.ontario.ca/laws/docs/980258_e.doc","Guided intake and the Small Claims static form","385246910","draft","","",""
"sc-defendant-admission-payment","intake-question","small-claims","substance","Is there any part of this claim you accept you owe? If there is, is the difficulty the amount itself, or being able to pay it all at once?

Why: The Rules provide a route for this. A defendant who admits liability for all or part of the plaintiff's claim but wants to arrange terms of payment may, IN THE DEFENCE, admit liability and propose terms of payment. What happens next depends on the plaintiff. If the plaintiff does not dispute the proposal within 20 days after service of the defence, the defendant must then make payment in accordance with the proposal AS IF IT WERE A COURT ORDER -- and if they do not, the plaintiff can serve a notice of default of payment (Form 20L), and the clerk signs judgment for the unpaid balance once 15 days have passed since that notice was served. If the plaintiff does dispute it, they file and serve a request to clerk (Form 9B) for a terms of payment hearing, and the clerk fixes a time and serves notice of the hearing. Whether to admit any part of a claim is a significant decision and entirely yours. This question only records what you tell us.","https://www.ontario.ca/laws/docs/980258_e.doc","Guided intake and the Small Claims static form","1646551339","draft","","",""
"sc-contractor-completion-date","intake-question","small-claims","substance","What was the agreed completion date for the work, and did that date pass before the other party stopped responding?","","Guided intake and the Small Claims static form","1865121070","draft","","",""
"sc-contractor-notice-before-replacement","intake-question","small-claims","substance","Before hiring anyone else to finish or fix the work, did you tell the original contractor about the problem and give them a chance to respond?","","Guided intake and the Small Claims static form","341419030","draft","","",""
"sc-evidence-available","intake-question","small-claims","substance","What evidence do you have to support your claim (documents, photos, messages, receipts, witnesses)?","","Guided intake and the Small Claims static form","892253483","draft","","",""
"sc-remedy-sought","intake-question","small-claims","substance","What outcome are you asking the court to order?","","Guided intake and the Small Claims static form","1172706386","draft","","",""
"sc-safety-check","intake-question","small-claims","sensitive","Is there anything about your safety, or the other party's behaviour toward you, that we should know before continuing?","","Guided intake and the Small Claims static form","557594526","draft","","",""
"explain:sc-orient-when-happened","question-explanation","small-claims","intake","[NEEDS LICENSEE REVIEW: plain-language explanation for intake question ""sc-orient-when-happened"", which has no ""why"" text to derive one from]","","Intake, ""I don't understand this"" on sc-orient-when-happened","246364202","draft","","",""
"explain:sc-orient-role","question-explanation","small-claims","intake","[NEEDS LICENSEE REVIEW: plain-language explanation for intake question ""sc-orient-role"", which has no ""why"" text to derive one from]","","Intake, ""I don't understand this"" on sc-orient-role","178934764","draft","","",""
"explain:sc-orient-dispute-category","question-explanation","small-claims","intake","[NEEDS LICENSEE REVIEW: plain-language explanation for intake question ""sc-orient-dispute-category"", which has no ""why"" text to derive one from]","","Intake, ""I don't understand this"" on sc-orient-dispute-category","1259939229","draft","","",""
"explain:sc-amount-claimed","question-explanation","small-claims","intake","Small Claims Court can only hear claims up to $50,000 (effective October 1, 2025), excluding interest and costs -- if your amount is higher, this may not be the right court.","https://www.ontario.ca/page/suing-someone-small-claims-court","Intake, ""I don't understand this"" on sc-amount-claimed","1933245241","draft","","",""
"explain:sc-defamation-publication-details","question-explanation","small-claims","intake","[NEEDS LICENSEE REVIEW: plain-language explanation for intake question ""sc-defamation-publication-details"", which has no ""why"" text to derive one from]","","Intake, ""I don't understand this"" on sc-defamation-publication-details","481698614","draft","","",""
"explain:sc-claim-filed","question-explanation","small-claims","intake","This is the form that formally starts a Small Claims Court case.","https://www.ontario.ca/document/guide-procedures-small-claims-court/making-claim","Intake, ""I don't understand this"" on sc-claim-filed","252973917","draft","","",""
"explain:sc-defendant-served","question-explanation","small-claims","intake","The court needs proof of service before a case can move forward without a response.","https://www.ontario.ca/document/guide-procedures-small-claims-court/serving-documents","Intake, ""I don't understand this"" on sc-defendant-served","1998745181","draft","","",""
"explain:sc-defence-filed","question-explanation","small-claims","intake","A defendant generally has 20 calendar days to serve and file a defence. If that time has passed with no defence filed, the plaintiff may be able to ask the court to note the defendant in default.","https://www.ontariocourts.ca/scj/areas-of-law/small-claims-court/default-proceedings/","Intake, ""I don't understand this"" on sc-defence-filed","306118997","draft","","",""
"explain:sc-defence-time-elapsed","question-explanation","small-claims","intake","This helps identify the procedural stage after service when no Defence has been recorded.","https://www.ontariocourts.ca/scj/areas-of-law/small-claims-court/default-proceedings/","Intake, ""I don't understand this"" on sc-defence-time-elapsed","1656270778","draft","","",""
"explain:sc-defendant-noted-in-default","question-explanation","small-claims","intake","A defendant who wants to dispute a claim has 20 days from being served to serve and file a Defence. How that period is counted is set by the Rules: the first day is excluded and the last day is included, and if the last day falls on a holiday the period ends on the next day that is not a holiday -- and ""holiday"" is defined to include any Saturday or Sunday. So weekends in the middle are counted and extend nothing; only the last day moves. When service counts as effective depends on how it was done. Served in person, it is the day it happened. Where a claim is sent to an individual's home by registered mail or courier and a signature verifying receipt is obtained, the Rules make service effective on the date that signature shows receipt -- not the date of mailing. (The separate five-day rule for documents sent by mail or courier expressly does NOT apply to a claim served that way.) One thing the Rules do not say: how those service-effectiveness provisions interact with the counting rule -- whether the effective day is the excluded first day, for instance. Because the regulation is silent on that, this site does not calculate the date for you. These are the facts to confirm so you can work it out, and the court or a licensed paralegal or lawyer can confirm it.","https://www.ontario.ca/laws/docs/980258_e.doc","Intake, ""I don't understand this"" on sc-defendant-noted-in-default","1456182539","draft","","",""
"explain:sc-defendant-claim-received","question-explanation","small-claims","intake","[NEEDS LICENSEE REVIEW: plain-language explanation for intake question ""sc-defendant-claim-received"", which has no ""why"" text to derive one from]","","Intake, ""I don't understand this"" on sc-defendant-claim-received","564423188","draft","","",""
"explain:sc-defendant-response-facts","question-explanation","small-claims","intake","[NEEDS LICENSEE REVIEW: plain-language explanation for intake question ""sc-defendant-response-facts"", which has no ""why"" text to derive one from]","","Intake, ""I don't understand this"" on sc-defendant-response-facts","1499186987","draft","","",""
"explain:sc-defendant-response-evidence","question-explanation","small-claims","intake","[NEEDS LICENSEE REVIEW: plain-language explanation for intake question ""sc-defendant-response-evidence"", which has no ""why"" text to derive one from]","","Intake, ""I don't understand this"" on sc-defendant-response-evidence","429078069","draft","","",""
"explain:sc-defendant-outcome","question-explanation","small-claims","intake","[NEEDS LICENSEE REVIEW: plain-language explanation for intake question ""sc-defendant-outcome"", which has no ""why"" text to derive one from]","","Intake, ""I don't understand this"" on sc-defendant-outcome","839833628","draft","","",""
"explain:sc-defendant-service-method","question-explanation","small-claims","intake","A defendant who wants to dispute a claim has 20 days from being served to serve and file a Defence. When service counts as effective depends on how it was done: in person, it is the day it happened; where a claim is sent to an individual's home by registered mail or courier and a signature verifying receipt is obtained, the Rules make service effective on the date that signature shows receipt, not the date of mailing. (The separate five-day rule for documents sent by mail or courier expressly does NOT apply to a claim served that way.) The Rules also count a period by excluding the first day and including the last, and if the last day falls on a holiday the period ends on the next day that is not a holiday -- with ""holiday"" defined to include any Saturday or Sunday, so weekends in between are counted and extend nothing. What the Rules do NOT say is how those two things interact -- whether the effective day is the excluded first day, for instance. Because the regulation is silent on that, this site does not calculate the date for you. These are the facts to write down so you can work it out, and the court or a licensed paralegal or lawyer can confirm it.","https://www.ontario.ca/laws/docs/980258_e.doc","Intake, ""I don't understand this"" on sc-defendant-service-method","482482140","draft","","",""
"explain:sc-defendant-counterclaim","question-explanation","small-claims","intake","A defendant can bring their own claim against the plaintiff or someone else as part of the same case, called a Defendant's Claim (Form 10A). The Rules say it may be ISSUED within 20 days after the day the defence is filed -- issuing and filing are different steps, and the 20 days runs from the day the defence was filed, not from when it was served or received. Missing that window does not end it: after those 20 days a Defendant's Claim may still be issued with leave of the court, at any point before trial or default judgment. After trial or default judgment that route is no longer available. Once issued it still has to be served on every person it is made against. Whether any of that fits your situation is yours to decide -- this question only records what you think happened and what you have done so far.","https://www.ontario.ca/laws/docs/980258_e.doc","Intake, ""I don't understand this"" on sc-defendant-counterclaim","1968050006","draft","","",""
"explain:sc-defendant-admission-payment","question-explanation","small-claims","intake","The Rules provide a route for this. A defendant who admits liability for all or part of the plaintiff's claim but wants to arrange terms of payment may, IN THE DEFENCE, admit liability and propose terms of payment. What happens next depends on the plaintiff. If the plaintiff does not dispute the proposal within 20 days after service of the defence, the defendant must then make payment in accordance with the proposal AS IF IT WERE A COURT ORDER -- and if they do not, the plaintiff can serve a notice of default of payment (Form 20L), and the clerk signs judgment for the unpaid balance once 15 days have passed since that notice was served. If the plaintiff does dispute it, they file and serve a request to clerk (Form 9B) for a terms of payment hearing, and the clerk fixes a time and serves notice of the hearing. Whether to admit any part of a claim is a significant decision and entirely yours. This question only records what you tell us.","https://www.ontario.ca/laws/docs/980258_e.doc","Intake, ""I don't understand this"" on sc-defendant-admission-payment","573282136","draft","","",""
"explain:sc-contractor-completion-date","question-explanation","small-claims","intake","[NEEDS LICENSEE REVIEW: plain-language explanation for intake question ""sc-contractor-completion-date"", which has no ""why"" text to derive one from]","","Intake, ""I don't understand this"" on sc-contractor-completion-date","289080741","draft","","",""
"explain:sc-contractor-notice-before-replacement","question-explanation","small-claims","intake","[NEEDS LICENSEE REVIEW: plain-language explanation for intake question ""sc-contractor-notice-before-replacement"", which has no ""why"" text to derive one from]","","Intake, ""I don't understand this"" on sc-contractor-notice-before-replacement","1035697919","draft","","",""
"explain:sc-evidence-available","question-explanation","small-claims","intake","[NEEDS LICENSEE REVIEW: plain-language explanation for intake question ""sc-evidence-available"", which has no ""why"" text to derive one from]","","Intake, ""I don't understand this"" on sc-evidence-available","910769105","draft","","",""
"explain:sc-remedy-sought","question-explanation","small-claims","intake","[NEEDS LICENSEE REVIEW: plain-language explanation for intake question ""sc-remedy-sought"", which has no ""why"" text to derive one from]","","Intake, ""I don't understand this"" on sc-remedy-sought","296090059","draft","","",""
"explain:sc-safety-check","question-explanation","small-claims","intake","[NEEDS LICENSEE REVIEW: plain-language explanation for intake question ""sc-safety-check"", which has no ""why"" text to derive one from]","","Intake, ""I don't understand this"" on sc-safety-check","209671221","draft","","",""
"sc-topic-monetary-limit","education-topic","small-claims","intake","Small Claims Court's $50,000 limit

Small Claims Court in Ontario can only order payment or return of property up to $50,000, not counting interest and court costs. This limit applies to the total amount claimed, not each individual issue in a case. If a claim is worth more than that, it generally has to go to a different court (the Superior Court of Justice) instead. THE LIMIT ALSO WORKS IN THE OTHER DIRECTION, which is less widely known. Since July 1, 2024, the Courts of Justice Act provides that an action WITHIN Small Claims Court's jurisdiction shall not be commenced in the Superior Court of Justice except with leave of that court, as provided in the rules of court. So for a claim under the limit, Small Claims Court and the Superior Court are not a free choice between two open doors -- starting in the Superior Court requires the court's permission first. There is an exception: that restriction does not apply to a counterclaim, crossclaim, or third or subsequent party claim where the main action was already commenced in the Superior Court of Justice.","https://www.ontario.ca/page/suing-someone-small-claims-court","Intake, surfaced by recorded facts","1499592935","draft","","",""
"sc-topic-limitation-period","education-topic","small-claims","intake","Time limits on starting a claim

In most cases, Ontario's Limitations Act, 2002 gives someone 2 years from when they discovered (or reasonably should have discovered) their claim to start a lawsuit. Waiting past that window can mean losing the right to sue at all, regardless of how strong the underlying facts are. There are exceptions and different rules for some claim types, so this is general information, not a determination of any specific deadline.","https://www.ontario.ca/page/civil-claims-suing-and-being-sued","Intake, surfaced by recorded facts","1106487337","draft","","",""
"sc-topic-burden-of-proof","education-topic","small-claims","intake","Who has to prove what, and how much proof is needed

In a civil case like Small Claims Court, the person bringing the claim (the plaintiff) generally has to prove their allegations on a ""balance of probabilities"" -- meaning the evidence has to show it's more likely than not (more than a 50% chance) that their version is correct. This is a lower standard than the ""beyond a reasonable doubt"" standard used in criminal cases. What this generally means in practice is that having some documentation, records, or witnesses to back up a claim's key facts matters more than how strongly someone feels about what happened.","https://www.ontariocourts.ca/scj/guides-and-service-resources/guide-to-representing-yourself/civil-resources-to-help-self-represented-litigants/steps-to-civil-case/","Intake, surfaced by recorded facts","307233708","draft","","",""
"sc-topic-demand-letters","education-topic","small-claims","intake","Sending a demand letter before suing

Ontario's own guidance suggests that before starting a claim, it can be worth sending a letter or talking to the other side directly to ask for payment or resolution first. This is not a legal requirement to sue in Small Claims Court -- it's a suggested step that can sometimes resolve a dispute without going to court at all, and can also become useful documentation later showing an attempt was made to resolve things directly.","https://www.ontario.ca/page/suing-someone-small-claims-court","Intake, surfaced by recorded facts","1799891855","draft","","",""
"sc-topic-filing-form-7a","education-topic","small-claims","intake","What filing a claim involves (Form 7A)

Starting a Small Claims Court case means filling out and filing a Plaintiff's Claim, which is Form 7A. It sets out who is suing whom, for how much, and why. Once it's filed, it generally has to be served on the other party (the defendant), and the person who served it has to file proof of that service with the court.","https://www.ontario.ca/document/guide-procedures-small-claims-court/making-claim","Intake, surfaced by recorded facts","1645917352","draft","","",""
"sc-topic-six-month-service-window","education-topic","small-claims","intake","Serving a claim after it is issued — the six-month window

Issuing a claim and serving it are two different steps, and the second one has its own deadline. Under the Rules of the Small Claims Court, a claim must be served within SIX MONTHS after the date it is issued. The court may extend the time for service, and it may do so either before or after the six months has run out -- but that is a request to the court, not something that happens automatically. The same six-month window applies to a Defendant's Claim, which the Rules require to be served in accordance with the same provision. A note on counting: the Rules set out a general method for counting a period of time -- exclude the first day, include the last, and if the last day falls on a holiday the period ends on the next day that is not a holiday, with ""holiday"" defined to include any Saturday or Sunday. That method is written in terms of days. The Rules do not state how a period expressed in MONTHS is computed, so this content does not say how the six months is calculated in a particular case -- the date a claim was issued is on the issued claim itself, and anyone unsure how the window applies to their own dates should confirm it with the court or a licensed paralegal or lawyer.","https://www.ontario.ca/laws/docs/980258_e.doc","Intake, surfaced by recorded facts","1267087858","draft","","",""
"sc-topic-collecting-after-judgment","education-topic","small-claims","intake","Collecting money after winning a judgment

Winning a case doesn't mean payment happens automatically -- a judgment has to be enforced if the other side doesn't pay voluntarily. Ontario's guidance describes several enforcement tools, generally starting with a written request for payment, and, if that doesn't work, options like garnishment (claiming money owed to the debtor by someone else, such as an employer or bank), a writ of seizure and sale of personal property or land, or an examination hearing to ask the debtor about their finances and ability to pay.","https://www.ontario.ca/document/guide-procedures-small-claims-court/after-judgment","Intake, surfaced by recorded facts","1872773948","draft","","",""
"sc-topic-general-negligence-elements","education-topic","small-claims","intake","The elements of a negligence claim

A negligence claim generally requires proving four separate elements: (1) that the defendant owed the plaintiff a duty of care; (2) that the defendant's conduct breached the standard of care; (3) that the plaintiff sustained damage; and (4) that the damage was caused, in fact and in law, by the defendant's breach. Duty of care asks whether the relationship between the parties is close enough that one may reasonably be said to owe the other a duty not to cause injury -- a question of foreseeability moderated by policy considerations. Where the relationship falls into a type courts have already recognized as giving rise to a duty of care, precedent settles the question and a full duty-of-care analysis isn't needed -- for example, courts have long recognized that a manufacturer of a consumable good owes a duty of care to the ultimate consumer of that good. Standard of care asks whether the defendant's conduct breached the standard expected of it. Conduct is negligent if it creates an unreasonable risk of harm. Damage for this purpose includes psychological injury, not only physical injury -- but psychological injury that counts as personal injury has to be distinguished from ordinary upset. The law does not recognize upset, disgust, anxiety, agitation, or other mental states that fall short of injury; to count, an injury generally has to be serious and prolonged, rising above the ordinary annoyances, anxieties, and fears that people living in society routinely accept. Causation has two parts: whether the breach caused the harm in fact, and whether it also caused the harm in law -- meaning the harm isn't too remote to fairly hold the defendant liable for it. The factual branch is generally tested using the ""but for"" test: the plaintiff must show, on a balance of probabilities, that the injury would not have occurred but for the defendant's negligent act. This is a factual inquiry, applied in a robust, common-sense way -- scientific precision about exactly how the defendant's conduct produced the injury is not required. Exceptionally, a plaintiff may instead succeed by showing the defendant's conduct materially contributed to the risk of the injury, but only where two conditions are both met: the plaintiff has shown that the loss would not have occurred but for the negligence of two or more possible wrongdoers, each possibly responsible for it, and the plaintiff, through no fault of their own, is unable to show which one of them actually caused the injury, because each can point to the others. Outside that narrow situation, the ordinary ""but for"" test still applies even where more than one party was negligent. That remoteness question turns on reasonable foreseeability: whether the harm was a real risk that would occur to a reasonable person in the defendant's position, not one they'd dismiss as far-fetched. For personal-injury claims, and especially mental-injury claims, foreseeability is judged against a person of ""ordinary fortitude,"" not the particular plaintiff's own sensitivities -- unusual or extreme reactions to a negligent act are imaginable but not reasonably foreseeable. That ordinary-fortitude threshold is a separate question from the ""thin skull"" rule: once it's shown that a person of ordinary fortitude would foreseeably suffer the injury, the defendant must then take the plaintiff as found for the purpose of assessing the resulting damages -- ordinary fortitude decides whether the damage is compensable at law at all, not how much compensation follows once it is. Where a defendant is shown to have had actual knowledge of a plaintiff's particular sensitivities, the ordinary-fortitude requirement doesn't have to be applied as strictly.","https://www.canlii.org/en/ca/scc/doc/2008/2008scc27/2008scc27.html","Intake, surfaced by recorded facts","2028351671","draft","","",""
"sc-topic-general-unjust-enrichment-elements","education-topic","small-claims","intake","The elements of an unjust enrichment claim

A claim in unjust enrichment generally requires showing three elements: (1) that the defendant was enriched; (2) that the plaintiff suffered a corresponding deprivation; and (3) that there is no juristic reason for the enrichment -- meaning no justification in law for the defendant keeping the benefit at the plaintiff's expense. The absence-of-juristic-reason element is assessed in two stages. First, the plaintiff must show that none of a fixed list of established categories applies to justify the enrichment -- those established categories are a contract, a disposition of law, a donative intent (a gift), and other valid common law, equitable, or statutory obligations. If none of those established categories applies, the plaintiff has made out a prima facie case. Second, that prima facie case can still be rebutted: the defendant may show some other reason the enrichment should be kept, and at this stage courts consider the reasonable expectations of the parties and public policy considerations. Separately, even where all three elements are made out, a defendant may have a change of position defence available -- where an innocent defendant shows they materially changed their position because of the enrichment, such that requiring them to return it would be inequitable. That defence is not available, however, to a defendant who obtained the enrichment through their own wrongdoing.","https://www.canlii.org/en/ca/scc/doc/2004/2004scc25/2004scc25.html","Intake, surfaced by recorded facts","1663416201","draft","","",""
"sc-claim-unpaid-debt-services:existed-agreement-or-understanding","claim-type","small-claims","intake","An agreement or understanding for payment existed

The person bringing the claim generally has to show, on a balance of probabilities, that there was an agreement or understanding involving payment -- whether written, verbal, or based on the parties' conduct.","https://www.ontariocourts.ca/scj/guides-and-service-resources/guide-to-representing-yourself/civil-resources-to-help-self-represented-litigants/steps-to-civil-case/","Claim type ""Unpaid debt or non-payment for services"" — readiness and Statement of Claim","1622039808","draft","","",""
"sc-claim-unpaid-debt-services:services-or-money-provided","claim-type","small-claims","intake","Services were provided, or money was loaned or is owed

Small Claims Court's jurisdiction covers claims for payment of money -- this element is about showing the underlying service was actually performed, or the money was actually advanced or is owed.","https://www.ontario.ca/document/guide-procedures-small-claims-court/making-claim","Claim type ""Unpaid debt or non-payment for services"" — readiness and Statement of Claim","2052761899","draft","","",""
"sc-claim-unpaid-debt-services:amount-unpaid","claim-type","small-claims","intake","The amount claimed is accurate and remains unpaid

The claimed amount, and the fact that it hasn't been paid, are part of what a claim sets out -- interest and costs are handled separately from, and in addition to, the amount claimed itself.","https://www.ontario.ca/document/guide-procedures-small-claims-court/making-claim","Claim type ""Unpaid debt or non-payment for services"" — readiness and Statement of Claim","1328271165","draft","","",""
"sc-claim-slip-and-fall-occupier-liability:defendant-was-occupier","claim-type","small-claims","intake","The defendant was the occupier of the premises

The Occupiers' Liability Act's duty of care applies to whoever occupies (is in possession or control of) the premises where the incident happened -- often, but not always, a business.","https://www.ontario.ca/laws/docs/90o02_e.doc","Claim type ""Slip and fall / occupier's liability"" — readiness and Statement of Claim","101795209","draft","","",""
"sc-claim-slip-and-fall-occupier-liability:premises-not-reasonably-safe","claim-type","small-claims","intake","The premises were not kept reasonably safe

An occupier owes a duty to take reasonable care to see that people entering the premises are reasonably safe. This applies whether the danger came from the condition of the property itself or from an activity carried on there. The statute states the duty in the abstract; the Supreme Court of Canada has considered what it concretely requires for snow and ice. In a case about a fall on an icy, unsalted parking area, the Court agreed that doing nothing at all to make a treacherous area less slippery fell short of reasonable care, in circumstances where sand and salt were inexpensive and readily available -- while noting the duty did not extend to salting or sanding every square inch, only the part visitors were known to use. The Court also held that a local custom of not salting or sanding does not displace the duty: ""no amount of general community compliance will render negligent conduct 'reasonable ... in all the circumstances'."" What reasonable care required there is not a rule about what it requires everywhere -- the statutory test is what is reasonable in all the circumstances of the particular case.","docs/sources/waldick-v-malcolm-1991-2-SCR-456.pdf","Claim type ""Slip and fall / occupier's liability"" — readiness and Statement of Claim","2089552651","draft","","",""
"sc-claim-slip-and-fall-occupier-liability:injury-and-connection","claim-type","small-claims","intake","The unsafe condition caused an injury or loss

There generally needs to be a connection shown between the unsafe condition and the harm that resulted -- not just that a condition existed and separately that an injury occurred. The Occupiers' Liability Act sets the duty of care but says nothing about causation; that comes from the general law of negligence. The factual part is generally tested with the ""but for"" test -- the plaintiff must show, on a balance of probabilities, that the injury would not have occurred but for the defendant's negligent act. That is a factual inquiry, applied in a robust, common-sense way: scientific evidence of precisely how much the defendant's negligence contributed is not required. Separately, the damage must not be too remote -- it must have been reasonably foreseeable. See ""The elements of a negligence claim"" for the fuller general framework this draws from.","https://www.canlii.org/en/ca/scc/doc/2012/2012scc32/2012scc32.html","Claim type ""Slip and fall / occupier's liability"" — readiness and Statement of Claim","768198246","draft","","",""
"sc-claim-improper-unauthorized-towing:towed-without-consent","claim-type","small-claims","intake","The vehicle was towed without required consent

Under Ontario's towing rules, a tow truck driver or towing company generally needs the vehicle owner's consent to tow a vehicle, unless the tow was initiated by police or another authorized official.","https://www.ontario.ca/page/know-your-rights-when-getting-tow","Claim type ""Improper or unauthorized towing"" — readiness and Statement of Claim","1314925531","draft","","",""
"sc-claim-improper-unauthorized-towing:no-rate-disclosure","claim-type","small-claims","intake","Required rate or cost disclosure was not given

Tow truck drivers, towing companies, and vehicle storage providers must give their rates before providing services, and must be certified to operate in Ontario.","https://www.ontario.ca/page/know-your-rights-when-getting-tow","Claim type ""Improper or unauthorized towing"" — readiness and Statement of Claim","1222731002","draft","","",""
"sc-claim-breach-of-contract-goods:goods-not-as-agreed","claim-type","small-claims","intake","The goods delivered were defective, not as described, or never arrived

Ontario's Sale of Goods Act addresses each of these three situations separately. NOT AS DESCRIBED: where goods are sold by description, there is an implied condition that the goods will correspond with the description. DEFECTIVE: the Act starts from the position that there is NO implied condition as to quality or fitness, subject to listed exceptions -- two of which are that goods bought by description from a seller who deals in goods of that description carry an implied condition of merchantable quality (though not as to defects an examination the buyer actually made ought to have revealed), and that goods are reasonably fit for a particular purpose the buyer made known to the seller so as to show reliance on the seller's skill or judgment (though not where a specified article is bought under its patent or other trade name). NEVER ARRIVED: separately from any question of quality, it is the duty of the seller to deliver the goods, and of the buyer to accept and pay for them, in accordance with the terms of the contract. Which of these applies depends on what was agreed and what happened.","https://www.ontario.ca/laws/docs/90s01_e.doc","Claim type ""Breach of contract — goods (wrong item, non-delivery, defective goods)"" — readiness and Statement of Claim","996871153","draft","","",""
"sc-claim-breach-of-contract-goods:existed-agreement-goods","claim-type","small-claims","intake","An agreement existed for the purchase

The buyer generally has to show, on a balance of probabilities, that an agreement for the purchase existed on the terms claimed.","https://www.ontariocourts.ca/scj/guides-and-service-resources/guide-to-representing-yourself/civil-resources-to-help-self-represented-litigants/steps-to-civil-case/","Claim type ""Breach of contract — goods (wrong item, non-delivery, defective goods)"" — readiness and Statement of Claim","177590684","draft","","",""
"sc-claim-breach-of-contract-goods:loss-amount-goods","claim-type","small-claims","intake","The amount claimed reflects the actual loss

Small Claims Court's money jurisdiction covers this kind of claim (up to $50,000, not counting interest and costs) -- the claimed amount should reflect the refund, replacement cost, or difference in value involved.","https://www.ontario.ca/document/guide-procedures-small-claims-court/making-claim","Claim type ""Breach of contract — goods (wrong item, non-delivery, defective goods)"" — readiness and Statement of Claim","912285401","draft","","",""
"sc-claim-non-payment-goods-sold:existed-agreement-sale","claim-type","small-claims","intake","An agreement existed for the sale of goods

The seller generally has to show, on a balance of probabilities, that an agreement for the sale existed on the terms claimed.","https://www.ontariocourts.ca/scj/guides-and-service-resources/guide-to-representing-yourself/civil-resources-to-help-self-represented-litigants/steps-to-civil-case/","Claim type ""Non-payment for goods sold"" — readiness and Statement of Claim","1596291375","draft","","",""
"sc-claim-non-payment-goods-sold:goods-delivered","claim-type","small-claims","intake","The goods were delivered or made available as agreed

The person bringing the claim generally has to show, on a balance of probabilities, that the goods were actually delivered to the buyer, or otherwise made available to them in the way the agreement provided for.","https://www.ontariocourts.ca/scj/guides-and-service-resources/guide-to-representing-yourself/civil-resources-to-help-self-represented-litigants/steps-to-civil-case/","Claim type ""Non-payment for goods sold"" — readiness and Statement of Claim","1000365698","draft","","",""
"sc-claim-non-payment-goods-sold:amount-unpaid-goods","claim-type","small-claims","intake","The amount claimed is accurate and remains unpaid

The person bringing the claim generally has to show, on a balance of probabilities, what price was agreed for the goods, what -- if anything -- the buyer has already paid, and what remains outstanding.","https://www.ontariocourts.ca/scj/guides-and-service-resources/guide-to-representing-yourself/civil-resources-to-help-self-represented-litigants/steps-to-civil-case/","Claim type ""Non-payment for goods sold"" — readiness and Statement of Claim","454408196","draft","","",""
"sc-claim-non-payment-goods-sold:amount-within-jurisdiction-goods-sold","claim-type","small-claims","intake","The amount claimed falls within Small Claims Court's jurisdiction

The Small Claims Court has jurisdiction in any action for the payment of money where the amount claimed does not exceed the prescribed amount ($50,000, excluding interest and costs) -- this is a monetary jurisdiction, not a subject-matter one.","https://www.ontario.ca/laws/docs/90c43_e.doc","Claim type ""Non-payment for goods sold"" — readiness and Statement of Claim","114098884","draft","","",""
"sc-claim-consumer-protection-act-issue:false-misleading-representation","claim-type","small-claims","intake","The business made a false, misleading, or deceptive representation

Under Ontario's Consumer Protection Act, 2002 it is an unfair practice to make a false, MISLEADING or DECEPTIVE representation -- all three, not only outright falsity. The Act gives a non-exhaustive list of 17 examples, which includes representing that goods or services have qualities, benefits, uses or performance characteristics they do not have; that they are of a particular standard, quality, grade, style or model when they are not; that goods are new or unused when they are not; that a repair or replacement is needed when it is not; that a specific price advantage exists when it does not; and -- squarely covering the ""misleading"" and ""deceptive"" prongs -- using exaggeration, innuendo or ambiguity as to a material fact, or failing to state a material fact, where doing so deceives or tends to deceive. No person may engage in an unfair practice, and performing even one of these acts is deemed to be engaging in one. There is an exception for someone who, on another's behalf, prints, publishes, distributes or broadcasts a representation accepted in good faith in the ordinary course of business.","https://www.ontario.ca/laws/docs/02c30_e.doc","Claim type ""Consumer Protection Act issue (defective goods, misleading practices)"" — readiness and Statement of Claim","7746579","draft","","",""
"sc-claim-consumer-protection-act-issue:withdrawal-notice-timely","claim-type","small-claims","intake","Notice of withdrawal (if relied on) was given within the required time

An agreement entered into by a consumer after or while a person has engaged in an unfair practice may be rescinded by the consumer, who is entitled to any remedy available in law, including damages. Where rescission is no longer possible -- because the goods or services can no longer be returned, or because rescission would deprive a good-faith third party of a right acquired for value -- the consumer may instead recover the amount by which their payment exceeds the value the goods or services have to them, or damages, or both. Either way the consumer must give notice within ONE YEAR after entering into the agreement. The notice may be expressed in any way that indicates the intention to rescind or to seek recovery and the reasons for it, may be delivered by any means, and (except by personal service) is deemed given when sent.","https://www.ontario.ca/laws/docs/02c30_e.doc","Claim type ""Consumer Protection Act issue (defective goods, misleading practices)"" — readiness and Statement of Claim","258098152","draft","","",""
"sc-claim-consumer-protection-act-issue:loss-amount-cpa","claim-type","small-claims","intake","A specific loss resulted

The person bringing the claim generally has to show, on a balance of probabilities, that they actually suffered a loss, and what that loss was -- put in specific terms, not left as a general sense of having been treated unfairly.","https://www.ontariocourts.ca/scj/guides-and-service-resources/guide-to-representing-yourself/civil-resources-to-help-self-represented-litigants/steps-to-civil-case/","Claim type ""Consumer Protection Act issue (defective goods, misleading practices)"" — readiness and Statement of Claim","1555434107","draft","","",""
"sc-claim-consumer-protection-act-issue:amount-within-jurisdiction-cpa","claim-type","small-claims","intake","The amount claimed falls within Small Claims Court's jurisdiction

The Small Claims Court has jurisdiction in any action for the payment of money where the amount claimed does not exceed the prescribed amount ($50,000, excluding interest and costs) -- this is a monetary jurisdiction, not a subject-matter one.","https://www.ontario.ca/laws/docs/90c43_e.doc","Claim type ""Consumer Protection Act issue (defective goods, misleading practices)"" — readiness and Statement of Claim","114098884","draft","","",""
"sc-claim-contractor-damage:existed-agreement-contractor","claim-type","small-claims","intake","An agreement existed describing the work to be done

The person bringing the claim generally has to show, on a balance of probabilities, what the contractor was actually engaged to do.","https://www.ontariocourts.ca/scj/guides-and-service-resources/guide-to-representing-yourself/civil-resources-to-help-self-represented-litigants/steps-to-civil-case/","Claim type ""Damage caused by a contractor's work"" — readiness and Statement of Claim","584032848","draft","","",""
"sc-claim-contractor-damage:work-caused-damage","claim-type","small-claims","intake","The contractor's work caused damage, or did not match what was agreed

This is a factual allegation the plaintiff has to establish with evidence, on a balance of probabilities, like any other element of the claim.","https://www.ontariocourts.ca/scj/guides-and-service-resources/guide-to-representing-yourself/civil-resources-to-help-self-represented-litigants/steps-to-civil-case/","Claim type ""Damage caused by a contractor's work"" — readiness and Statement of Claim","380257877","draft","","",""
"sc-claim-contractor-damage:loss-amount-contractor","claim-type","small-claims","intake","The amount claimed reflects the cost of repair or loss

The person bringing the claim generally has to show, on a balance of probabilities, what it actually costs to repair or replace what was damaged -- the amount claimed should reflect that documented cost, not an estimate of how much the damage felt like it was worth.","https://www.ontariocourts.ca/scj/guides-and-service-resources/guide-to-representing-yourself/civil-resources-to-help-self-represented-litigants/steps-to-civil-case/","Claim type ""Damage caused by a contractor's work"" — readiness and Statement of Claim","1980673503","draft","","",""
"sc-claim-contractor-damage:amount-within-jurisdiction-contractor","claim-type","small-claims","intake","The amount claimed falls within Small Claims Court's jurisdiction

The Small Claims Court has jurisdiction in any action for the payment of money where the amount claimed does not exceed the prescribed amount ($50,000, excluding interest and costs) -- this is a monetary jurisdiction, not a subject-matter one.","https://www.ontario.ca/laws/docs/90c43_e.doc","Claim type ""Damage caused by a contractor's work"" — readiness and Statement of Claim","114098884","draft","","",""
"sc-claim-wrongful-dismissal:minimum-employment-length","claim-type","small-claims","intake","The employee was continuously employed for at least 3 months

In most cases, an employee is entitled to notice of termination (or termination pay instead of notice) once they've been continuously employed for at least 3 months.","https://www.ontario.ca/document/your-guide-employment-standards-act-0/termination-employment","Claim type ""Wrongful dismissal (within Small Claims monetary jurisdiction)"" — readiness and Statement of Claim","2023199303","draft","","",""
"sc-claim-wrongful-dismissal:notice-or-pay-not-given","claim-type","small-claims","intake","Termination notice or termination pay was not given as required

An employer must provide written notice of termination, termination pay, or a combination equal to the required notice period, which ranges from 1 week (under 1 year of employment) up to 8 weeks (8 years or more), based on length of service. IMPORTANT: that Employment Standards Act scale is a statutory FLOOR, not the whole picture. ""Wrongful dismissal"" is a common-law action, and the Supreme Court of Canada has described it as based on an implied obligation in the employment contract to give REASONABLE notice of an intention to end the relationship where there is no just cause. Reasonable notice at common law is frequently longer than the ESA minimum, and is assessed case by case. The Court has applied four factors from the Bardal case: the character of the employment, the length of service, the employee's age, and the availability of similar employment having regard to the employee's experience, training and qualifications. The Court has been explicit there can be ""no catalogue laid down"" of what is reasonable for particular classes of case -- it depends on the individual's particular circumstances. Working out what notice period a given situation calls for is exactly the kind of assessment this platform does not do; it is a question for a licensed paralegal or lawyer.","docs/sources/honda-canada-v-keays-2008-SCC-39.pdf","Claim type ""Wrongful dismissal (within Small Claims monetary jurisdiction)"" — readiness and Statement of Claim","645973100","draft","","",""
"sc-claim-wrongful-dismissal:amount-within-jurisdiction","claim-type","small-claims","intake","The amount owing falls within Small Claims Court's monetary jurisdiction

Small Claims Court can only hear claims up to $50,000, excluding interest and costs.","https://www.ontario.ca/document/guide-procedures-small-claims-court/making-claim","Claim type ""Wrongful dismissal (within Small Claims monetary jurisdiction)"" — readiness and Statement of Claim","654352506","draft","","",""
"sc-claim-dog-bite-animal-injury:dog-caused-bite-or-attack","claim-type","small-claims","intake","The dog bit or attacked the person (or another domestic animal)

The owner of a dog is liable for damages resulting from a bite or attack by the dog on another person or domestic animal.","https://www.ontario.ca/laws/docs/90d16_e.doc","Claim type ""Dog bite or attack (Dog Owners' Liability Act)"" — readiness and Statement of Claim","1391429076","draft","","",""
"sc-claim-dog-bite-animal-injury:defendant-is-owner","claim-type","small-claims","intake","The defendant is the dog's owner

""Owner"", for this Act, includes a person who possesses or harbours the dog, and, where the owner is a minor, the person responsible for the minor's custody.","https://www.ontario.ca/laws/docs/90d16_e.doc","Claim type ""Dog bite or attack (Dog Owners' Liability Act)"" — readiness and Statement of Claim","357780369","draft","","",""
"sc-claim-dog-bite-animal-injury:loss-amount-dog-bite","claim-type","small-claims","intake","The amount claimed reflects the injury or damage

Small Claims Court's jurisdiction covers claims for money, up to $50,000, not counting interest and costs.","https://www.ontario.ca/document/guide-procedures-small-claims-court/making-claim","Claim type ""Dog bite or attack (Dog Owners' Liability Act)"" — readiness and Statement of Claim","2130971094","draft","","",""
"sc-claim-breach-of-contract-services:existed-agreement-services","claim-type","small-claims","intake","An agreement existed for the service to be performed

The person bringing the claim generally has to show, on a balance of probabilities, what the other party was actually engaged to do.","https://www.ontariocourts.ca/scj/guides-and-service-resources/guide-to-representing-yourself/civil-resources-to-help-self-represented-litigants/steps-to-civil-case/","Claim type ""Breach of contract — services not performed or substandard"" — readiness and Statement of Claim","356317980","draft","","",""
"sc-claim-breach-of-contract-services:service-not-performed-or-substandard","claim-type","small-claims","intake","The service was never performed, was abandoned partway, or did not match what was agreed

This is a factual allegation the plaintiff has to establish with evidence, on a balance of probabilities, like any other element of the claim.","https://www.ontariocourts.ca/scj/guides-and-service-resources/guide-to-representing-yourself/civil-resources-to-help-self-represented-litigants/steps-to-civil-case/","Claim type ""Breach of contract — services not performed or substandard"" — readiness and Statement of Claim","650937568","draft","","",""
"sc-claim-breach-of-contract-services:loss-amount-services","claim-type","small-claims","intake","The amount claimed reflects the loss

Small Claims Court's jurisdiction covers claims for money, up to $50,000, not counting interest and costs -- the claimed amount should reflect the refund, or the cost to complete or redo the work.","https://www.ontario.ca/document/guide-procedures-small-claims-court/making-claim","Claim type ""Breach of contract — services not performed or substandard"" — readiness and Statement of Claim","1570515067","draft","","",""
"sc-claim-recovery-of-personal-property:plaintiff-owns-or-has-right-to-property","claim-type","small-claims","intake","The plaintiff owns the property or has a right to its possession

The person bringing the claim generally has to show, on a balance of probabilities, that they own the property or otherwise have a right to have it back.","https://www.ontariocourts.ca/scj/guides-and-service-resources/guide-to-representing-yourself/civil-resources-to-help-self-represented-litigants/steps-to-civil-case/","Claim type ""Recovery of personal property wrongfully held by another"" — readiness and Statement of Claim","1935245252","draft","","",""
"sc-claim-recovery-of-personal-property:defendant-possesses-and-wont-return","claim-type","small-claims","intake","The defendant has the property and has not returned it

Small Claims Court hears claims for money or the return of personal property -- this element is about showing the other party currently has the property and hasn't given it back.","https://www.ontario.ca/page/suing-someone-small-claims-court","Claim type ""Recovery of personal property wrongfully held by another"" — readiness and Statement of Claim","1577705378","draft","","",""
"sc-claim-recovery-of-personal-property:value-within-jurisdiction-property","claim-type","small-claims","intake","The property's value falls within Small Claims Court's jurisdiction

Small Claims Court can decide claims for money or the return of personal property up to $50,000, excluding interest and costs.","https://www.ontario.ca/document/guide-procedures-small-claims-court/making-claim","Claim type ""Recovery of personal property wrongfully held by another"" — readiness and Statement of Claim","182081318","draft","","",""
"sc-claim-consumer-cancellation-refund:contract-covered-by-cooling-off","claim-type","small-claims","intake","The agreement falls into a category with a cancellation right

Ontario law gives a cooling-off period -- a specific number of days to cancel an agreement without reason or penalty -- for certain contracts: a product or service bought from a door-to-door salesperson (a direct agreement), paying in advance to join a fitness club or gym (a personal development contract), buying a newly-built condo, getting a payday loan, or purchasing a time share. Two of those five are NOT governed by the Consumer Protection Act at all: the cooling-off right for a newly-built condo comes from the Condominium Act, and the one for a payday loan from the Payday Loans Act. Each of those statutes has its own mechanics, which may differ from the Consumer Protection Act's -- the source relied on here already shows one such difference, in that a payday lender has 2 days to refund where for most contracts a business has 15. This entry is written around the Consumer Protection Act; for a new-build condo or a payday loan, the governing statute is a different one and would need to be checked on its own terms.","https://www.ontario.ca/page/your-rights-under-consumer-protection-act","Claim type ""Cancelled contract — deposit or payment not refunded (Consumer Protection Act)"" — readiness and Statement of Claim","1879611899","draft","","",""
"sc-claim-consumer-cancellation-refund:cancellation-given","claim-type","small-claims","intake","Notice of cancellation was given

The cooling-off right generally has to be exercised by giving the seller notice of cancellation within the applicable period for that type of contract.","https://www.ontario.ca/page/your-rights-under-consumer-protection-act","Claim type ""Cancelled contract — deposit or payment not refunded (Consumer Protection Act)"" — readiness and Statement of Claim","134004761","draft","","",""
"sc-claim-consumer-cancellation-refund:refund-not-received-in-time","claim-type","small-claims","intake","The refund was not issued within the required timeframe

After a valid cancellation, the company generally has 15 days to return the money paid, or 2 days in the specific case of a payday loan.","https://www.ontario.ca/page/your-rights-under-consumer-protection-act","Claim type ""Cancelled contract — deposit or payment not refunded (Consumer Protection Act)"" — readiness and Statement of Claim","1237449247","draft","","",""
"sc-claim-commercial-tenancy-dispute:tenancy-is-commercial-not-residential","claim-type","small-claims","intake","The tenancy is a commercial/business tenancy, not a residential one

Ontario's Commercial Tenancies Act outlines the relationship, rights, and obligations between commercial landlords and tenants -- a different framework from the Residential Tenancies Act, which covers residential rental units.","https://www.ontario.ca/page/renting-commercial-property-ontario","Claim type ""Commercial (non-residential) tenancy dispute"" — readiness and Statement of Claim","2110183052","draft","","",""
"sc-claim-commercial-tenancy-dispute:existed-agreement-commercial-lease","claim-type","small-claims","intake","A lease or tenancy agreement existed on the terms claimed

The person bringing the claim generally has to show, on a balance of probabilities, that an agreement existed on the terms alleged -- and a signed commercial lease's own terms may take precedence over the Commercial Tenancies Act's default rules.","https://www.ontario.ca/page/renting-commercial-property-ontario","Claim type ""Commercial (non-residential) tenancy dispute"" — readiness and Statement of Claim","1314135829","draft","","",""
"sc-claim-commercial-tenancy-dispute:amount-owing-commercial","claim-type","small-claims","intake","The amount owing falls within Small Claims Court's jurisdiction

Small Claims Court can hear claims for money -- including unpaid rent -- up to $50,000, excluding interest and costs.","https://www.ontario.ca/document/guide-procedures-small-claims-court/making-claim","Claim type ""Commercial (non-residential) tenancy dispute"" — readiness and Statement of Claim","1574297129","draft","","",""
"sc-claim-dishonoured-nsf-cheque:payment-made-by-cheque","claim-type","small-claims","intake","Payment was made (or attempted) by cheque

Small Claims Court's overview of what it hears explicitly lists NSF (non-sufficient funds) cheques as an example of a claim it can decide.","https://www.ontario.ca/page/suing-someone-small-claims-court","Claim type ""Dishonoured (NSF) cheque"" — readiness and Statement of Claim","993034615","draft","","",""
"sc-claim-dishonoured-nsf-cheque:cheque-returned-nsf","claim-type","small-claims","intake","The cheque was returned for non-sufficient funds (or otherwise dishonoured)

This element is about showing the cheque itself failed to clear -- the bank's own record of the returned item is typically the most direct proof.","https://www.ontario.ca/page/suing-someone-small-claims-court","Claim type ""Dishonoured (NSF) cheque"" — readiness and Statement of Claim","2114385133","draft","","",""
"sc-claim-dishonoured-nsf-cheque:amount-unpaid-nsf","claim-type","small-claims","intake","The amount remains unpaid

Interest and costs are handled separately from, and in addition to, the amount claimed itself.","https://www.ontario.ca/document/guide-procedures-small-claims-court/making-claim","Claim type ""Dishonoured (NSF) cheque"" — readiness and Statement of Claim","1590265622","draft","","",""
"sc-claim-unpaid-overtime-vacation-pay:overtime-not-paid","claim-type","small-claims","intake","Overtime pay owed was not paid

For most employees, overtime begins after 44 hours worked in a work week, paid at 1½ times the employee's regular rate of pay.","https://www.ontario.ca/document/your-guide-employment-standards-act-0/overtime-pay","Claim type ""Unpaid overtime or vacation pay"" — readiness and Statement of Claim","97219023","draft","","",""
"sc-claim-unpaid-overtime-vacation-pay:vacation-pay-not-paid","claim-type","small-claims","intake","Vacation pay owed was not paid

For most employees, vacation pay must be at least 4% of the gross wages earned in the 12-month vacation entitlement year (at least 6% for employees with five or more years of employment). Some jobs are exempt from the ESA's vacation-with-pay provisions entirely -- Ontario publishes a special rule tool listing the industries and job categories with ESA exemptions or special rules, and whether a particular job is one of them is a fact to confirm, not something this content assumes. An employment contract or collective agreement may also provide a greater right or benefit than the ESA minimum. When employment ends, vacation pay already earned but not yet paid is due within 7 days of the employment ending or on what would have been the employee's next pay day, whichever is later.","https://www.ontario.ca/document/your-guide-employment-standards-act-0/vacation","Claim type ""Unpaid overtime or vacation pay"" — readiness and Statement of Claim","456123021","draft","","",""
"sc-claim-unpaid-overtime-vacation-pay:amount-within-jurisdiction-wages","claim-type","small-claims","intake","The amount owing falls within Small Claims Court's jurisdiction

Small Claims Court can only hear claims up to $50,000, excluding interest and costs.","https://www.ontario.ca/document/guide-procedures-small-claims-court/making-claim","Claim type ""Unpaid overtime or vacation pay"" — readiness and Statement of Claim","2051662345","draft","","",""
"sc-claim-vehicle-repair-dispute:estimate-or-max-agreed","claim-type","small-claims","intake","A written estimate was required, or a maximum amount was agreed instead

Before a repair shop can charge you, it generally must have given a written estimate, unless the customer declined one and instead agreed on a maximum amount they were willing to pay for the repair.","https://www.ontario.ca/page/car-repair-shops-your-rights","Claim type ""Vehicle repair dispute (overcharge or warranty)"" — readiness and Statement of Claim","1427171064","draft","","",""
"sc-claim-vehicle-repair-dispute:charged-over-permitted-limit","claim-type","small-claims","intake","The final amount charged exceeded what the law allows

The final cost charged cannot be more than 10% above the estimate, or, if an estimate was declined, more than the agreed maximum amount.","https://www.ontario.ca/page/car-repair-shops-your-rights","Claim type ""Vehicle repair dispute (overcharge or warranty)"" — readiness and Statement of Claim","822804538","draft","","",""
"sc-claim-vehicle-repair-dispute:amount-claimed-repair","claim-type","small-claims","intake","The amount claimed reflects the overcharge or repair loss

Small Claims Court's jurisdiction covers claims for money, up to $50,000, not counting interest and costs.","https://www.ontario.ca/document/guide-procedures-small-claims-court/making-claim","Claim type ""Vehicle repair dispute (overcharge or warranty)"" — readiness and Statement of Claim","1627545502","draft","","",""
"sc-claim-used-vehicle-nondisclosure:dealer-failed-to-disclose","claim-type","small-claims","intake","The dealer failed to give accurate required information about the vehicle

Where a REGISTERED motor vehicle dealer sells or leases a vehicle to someone who is not themselves a registered dealer, the regulation under the Motor Vehicle Dealers Act, 2002 requires specific information to be disclosed accurately in the contract. For a used vehicle that includes the total distance it has been driven (or, where the dealer can't determine that, the distance as of a stated past date), the make, model and model year, whether it has been classified as irreparable, salvage or rebuilt, and certain past uses such as a daily rental, a police cruiser, or an emergency-services vehicle. This regime applies to registered dealers. A genuinely private sale is not covered by it, and neither is a sale by someone selling vehicles as a business without being registered.","https://www.ontario.ca/laws/docs/080333_e.doc","Claim type ""Used vehicle purchase — non-disclosure by a dealer"" — readiness and Statement of Claim","1993473943","draft","","",""
"sc-claim-used-vehicle-nondisclosure:cancelled-within-90-days","claim-type","small-claims","intake","The contract was cancelled within 90 days of actually receiving the vehicle

Where this cancellation right applies, the regulation gives 90 days to cancel -- but the clock runs from when the buyer ACTUALLY RECEIVED the vehicle, not from when they discovered the problem. Discovering an undisclosed issue on day 95 does not extend it. The right is also narrower than the disclosure list as a whole: it attaches to inaccurate disclosure of the distance driven, certain past uses, the make/model/model year, and the irreparable/salvage/rebuilt classification -- not to every item a dealer must disclose. It is available even if the dealer did not know the information was inaccurate or honestly believed it was correct. Notice of cancellation has to be in writing and given to the dealer, and can be worded in any way that shows an intention to cancel. A distance disclosure counts as accurate if it is within the lesser of 5 per cent or 1,000 kilometres of the correct figure.","https://www.ontario.ca/laws/docs/080333_e.doc","Claim type ""Used vehicle purchase — non-disclosure by a dealer"" — readiness and Statement of Claim","1331916503","draft","","",""
"sc-claim-used-vehicle-nondisclosure:amount-claimed-vehicle","claim-type","small-claims","intake","The amount claimed reflects the loss

The person bringing the claim generally has to show, on a balance of probabilities, that they actually suffered a loss, and what that loss was -- put in specific terms, not left as a general sense of having overpaid.","https://www.ontariocourts.ca/scj/guides-and-service-resources/guide-to-representing-yourself/civil-resources-to-help-self-represented-litigants/steps-to-civil-case/","Claim type ""Used vehicle purchase — non-disclosure by a dealer"" — readiness and Statement of Claim","1027329936","draft","","",""
"sc-claim-used-vehicle-nondisclosure:amount-within-jurisdiction-vehicle","claim-type","small-claims","intake","The amount claimed falls within Small Claims Court's jurisdiction

The Small Claims Court has jurisdiction in any action for the payment of money where the amount claimed does not exceed the prescribed amount ($50,000, excluding interest and costs) -- this is a monetary jurisdiction, not a subject-matter one.","https://www.ontario.ca/laws/docs/90c43_e.doc","Claim type ""Used vehicle purchase — non-disclosure by a dealer"" — readiness and Statement of Claim","114098884","draft","","",""
"sc-claim-unpaid-condo-common-expenses:plaintiff-is-condo-corp","claim-type","small-claims","intake","The plaintiff is the condominium corporation and the defendant is a unit owner

The Condominium Act, 1998 governs the relationship between a condominium corporation and its unit owners, including the corporation's right to collect common expenses.","https://www.ontario.ca/laws/docs/98c19_e.doc","Claim type ""Unpaid condominium common expenses"" — readiness and Statement of Claim","626416642","draft","","",""
"sc-claim-unpaid-condo-common-expenses:owner-defaulted-common-expenses","claim-type","small-claims","intake","The owner defaulted in paying common expenses owed to the corporation

When an owner fails to pay common expenses owed to the corporation, a lien arises against that owner's unit for the unpaid amount, including interest and the corporation's reasonable costs of collecting it.","https://www.ontario.ca/laws/docs/98c19_e.doc","Claim type ""Unpaid condominium common expenses"" — readiness and Statement of Claim","90063502","draft","","",""
"sc-claim-unpaid-condo-common-expenses:amount-within-jurisdiction-condo","claim-type","small-claims","intake","The amount owing falls within Small Claims Court's jurisdiction

Small Claims Court can only hear claims up to $50,000, excluding interest and costs.","https://www.ontario.ca/document/guide-procedures-small-claims-court/making-claim","Claim type ""Unpaid condominium common expenses"" — readiness and Statement of Claim","2051662345","draft","","",""
"sc-claim-defamation-libel-slander:statement-made-and-communicated","claim-type","small-claims","intake","A statement was made and communicated to someone other than the plaintiff

The person bringing the claim generally has to show, on a balance of probabilities, what was said or written and that it reached someone other than the plaintiff.","https://www.ontariocourts.ca/scj/guides-and-service-resources/guide-to-representing-yourself/civil-resources-to-help-self-represented-litigants/steps-to-civil-case/","Claim type ""Defamation (libel or slander)"" — readiness and Statement of Claim","134857376","draft","","",""
"sc-claim-defamation-libel-slander:amount-within-jurisdiction-defamation","claim-type","small-claims","intake","The amount claimed falls within Small Claims Court's jurisdiction

The Small Claims Court has jurisdiction in any action for the payment of money where the amount claimed does not exceed the prescribed amount ($50,000, excluding interest and costs) -- this is a monetary jurisdiction, not a subject-matter one, so a claim for money arising from a defamatory statement is within it the same as any other money claim.","https://www.ontario.ca/laws/docs/90c43_e.doc","Claim type ""Defamation (libel or slander)"" — readiness and Statement of Claim","410345780","draft","","",""
"sc-claim-defamation-libel-slander:notice-if-newspaper-or-broadcast","claim-type","small-claims","intake","If this involved a newspaper or broadcast specifically, written notice was given within 6 weeks

Under the Libel and Slander Act, no action for libel in a newspaper or in a broadcast may proceed unless the plaintiff gave the defendant written notice, specifying the matter complained of, within 6 weeks after the alleged libel came to the plaintiff's knowledge. ""Newspaper"" means a paper containing public news or advertisements, printed for distribution to the public and published periodically at least 12 times a year. ""Broadcasting"" means dissemination of writing, signs, pictures, or sounds intended for the public by wireless radio communication or by cables, wires, fibre-optic linkages, or laser beams. This notice requirement applies only when the statement fits one of those two specific definitions -- not to defamation generally (for example, something said directly to someone, a private message, or an ordinary social media post). It is narrower still: section 7 of the Act says subsection 5(1) and section 6 apply ONLY to newspapers printed and published in Ontario and to broadcasts from a station in Ontario. A newspaper printed and published outside Ontario, or a broadcast from a station outside Ontario, falls outside this notice requirement even though it is still a newspaper or a broadcast. Whether a particular publisher or broadcaster meets that geographic test is a fact to confirm, not something this content assumes.","https://www.ontario.ca/laws/docs/90l12_e.doc","Claim type ""Defamation (libel or slander)"" — readiness and Statement of Claim","72868234","draft","","",""
"sc-claim-defamation-libel-slander:limitation-if-newspaper-or-broadcast","claim-type","small-claims","intake","If this involved a newspaper or broadcast specifically, the action was started within 3 months

Under the Libel and Slander Act, an action for libel in a newspaper or in a broadcast must be commenced within 3 months after the libel came to the knowledge of the person defamed -- shorter than the ordinary 2-year limitation period that applies to defamation generally. Section 7 limits this the same way it limits the notice requirement: section 6 applies ONLY to newspapers printed and published in Ontario and to broadcasts from a station in Ontario. Where a national or out-of-province publisher or broadcaster is involved, whether the shortened 3-month period applies at all turns on that geographic question. Where an action is brought within the 3-month period, it may also include a claim for any other libel by the same defendant in the same newspaper or from the same broadcasting station within the year before the action started.","https://www.ontario.ca/laws/docs/90l12_e.doc","Claim type ""Defamation (libel or slander)"" — readiness and Statement of Claim","39334796","draft","","",""
"sc-claim-vehicle-accident-uninsured-driver-property-damage:dcpd-bar-does-not-apply","claim-type","small-claims","intake","Ontario's direct-compensation insurance bar does not apply to this claim

Under section 263 of the Insurance Act, when a vehicle is damaged by one or more other vehicles and BOTH the damaged vehicle and at least one other vehicle involved are insured under a motor vehicle liability policy from an insurer bound by this section, the owner generally has no right of action against the other driver for damage to their vehicle or its contents -- they must instead claim from their own insurer, with recovery based on fault as determined under the Fault Determination Rules. That bar does not apply, and an ordinary right to sue the at-fault driver directly is preserved, in situations including where the at-fault driver's vehicle was not insured under such a policy -- section 263 never applies in the first place. Since January 1, 2024, an insured may also elect not to claim from their own insurer under this section, but that election on its own does not restore a right to sue the other driver directly if section 263 otherwise applies (both vehicles insured). Confirming which situation applies here is essential and not something this content assumes.","https://www.ontario.ca/laws/docs/90i08_e.doc","Claim type ""Vehicle accident property damage -- direct claim against an uninsured at-fault driver"" — readiness and Statement of Claim","990947211","draft","","",""
"sc-claim-vehicle-accident-uninsured-driver-property-damage:duty-of-care-negligence","claim-type","small-claims","intake","The other driver owed a duty of care

A negligence claim generally requires showing the defendant owed the plaintiff a duty of care -- whether the relationship between the parties is close enough that one may reasonably be said to owe the other a duty not to cause injury or loss, a question of foreseeability moderated by policy considerations. See ""The elements of a negligence claim"" for the fuller general framework this draws from.","https://www.canlii.org/en/ca/scc/doc/2008/2008scc27/2008scc27.html","Claim type ""Vehicle accident property damage -- direct claim against an uninsured at-fault driver"" — readiness and Statement of Claim","200481649","draft","","",""
"sc-claim-vehicle-accident-uninsured-driver-property-damage:breach-of-standard-of-care","claim-type","small-claims","intake","The other driver's conduct breached the standard of care

Conduct is negligent if it creates an unreasonable risk of harm. What specifically counted as unreasonable driving conduct in a given situation is a further, fact-specific question this general standard doesn't itself resolve -- it isn't a statement of particular traffic rules.","https://www.canlii.org/en/ca/scc/doc/2008/2008scc27/2008scc27.html","Claim type ""Vehicle accident property damage -- direct claim against an uninsured at-fault driver"" — readiness and Statement of Claim","394833996","draft","","",""
"sc-claim-vehicle-accident-uninsured-driver-property-damage:damage-to-vehicle","claim-type","small-claims","intake","The plaintiff sustained damage

A negligence claim generally requires that the plaintiff sustained damage -- here, damage to the vehicle or its contents.","https://www.canlii.org/en/ca/scc/doc/2008/2008scc27/2008scc27.html","Claim type ""Vehicle accident property damage -- direct claim against an uninsured at-fault driver"" — readiness and Statement of Claim","1585557076","draft","","",""
"sc-claim-vehicle-accident-uninsured-driver-property-damage:causation-vehicle-accident","claim-type","small-claims","intake","The damage was caused, in fact and in law, by the other driver's breach

Causation has two parts: whether the breach caused the harm in fact, and whether it also caused the harm in law. The factual part is generally tested with the ""but for"" test -- the plaintiff must show, on a balance of probabilities, that the injury would not have occurred but for the defendant's negligent act. That is a factual inquiry, applied in a robust, common-sense way: scientific evidence of precisely how much the defendant's negligence contributed is not required. (There is a narrow exception where multiple possible wrongdoers are involved -- see ""The elements of a negligence claim"" for the fuller general framework, including when that exception applies.) The legal part asks whether the harm is too remote to fairly hold the defendant liable for it, judged by whether it was a real, reasonably foreseeable risk rather than one a reasonable person would dismiss as far-fetched.","https://www.canlii.org/en/ca/scc/doc/2012/2012scc32/2012scc32.html","Claim type ""Vehicle accident property damage -- direct claim against an uninsured at-fault driver"" — readiness and Statement of Claim","1724823854","draft","","",""
"sc-claim-vehicle-accident-uninsured-driver-property-damage:amount-within-jurisdiction-vehicle-accident","claim-type","small-claims","intake","The amount claimed falls within Small Claims Court's jurisdiction

The Small Claims Court has jurisdiction in any action for the payment of money where the amount claimed does not exceed the prescribed amount ($50,000, excluding interest and costs) -- this is a monetary jurisdiction, not a subject-matter one.","https://www.ontario.ca/laws/docs/90c43_e.doc","Claim type ""Vehicle accident property damage -- direct claim against an uninsured at-fault driver"" — readiness and Statement of Claim","114098884","draft","","",""
"sc-claim-personal-loan-between-individuals:loan-agreement-existed","claim-type","small-claims","intake","An agreement to lend money existed

The person bringing a claim generally has the burden of proving their allegations on a balance of probabilities -- including that an agreement to lend money actually existed, whether written or oral, and what its terms were (the amount lent, and when or how it was to be repaid).","https://www.ontariocourts.ca/scj/guides-and-service-resources/guide-to-representing-yourself/civil-resources-to-help-self-represented-litigants/steps-to-civil-case/","Claim type ""Personal loan between individuals -- borrower hasn't repaid"" — readiness and Statement of Claim","1885674627","draft","","",""
"sc-claim-personal-loan-between-individuals:amount-remains-unpaid-personal-loan","claim-type","small-claims","intake","The amount lent (or part of it) remains unpaid

The person bringing the claim generally has to show, on a balance of probabilities, what amount was lent, what -- if anything -- has been repaid, and what remains outstanding.","https://www.ontariocourts.ca/scj/guides-and-service-resources/guide-to-representing-yourself/civil-resources-to-help-self-represented-litigants/steps-to-civil-case/","Claim type ""Personal loan between individuals -- borrower hasn't repaid"" — readiness and Statement of Claim","477533613","draft","","",""
"sc-claim-personal-loan-between-individuals:amount-within-jurisdiction-personal-loan","claim-type","small-claims","intake","The amount claimed falls within Small Claims Court's jurisdiction

The Small Claims Court has jurisdiction in any action for the payment of money where the amount claimed does not exceed the prescribed amount ($50,000, excluding interest and costs) -- this is a monetary jurisdiction, not a subject-matter one.","https://www.ontario.ca/laws/docs/90c43_e.doc","Claim type ""Personal loan between individuals -- borrower hasn't repaid"" — readiness and Statement of Claim","114098884","draft","","",""
"sc-claim-property-damaged-lost-in-business-care:duty-of-care-property-in-business-care","claim-type","small-claims","intake","The business owed a duty of care while your property was in their possession

A negligence claim generally requires showing the defendant owed the plaintiff a duty of care -- whether the relationship between the parties is close enough that one may reasonably be said to owe the other a duty not to cause injury or loss, a question of foreseeability moderated by policy considerations. See ""The elements of a negligence claim"" for the fuller general framework this draws from.","https://www.canlii.org/en/ca/scc/doc/2008/2008scc27/2008scc27.html","Claim type ""Property damaged, lost, or not returned while left in a business's care"" — readiness and Statement of Claim","1141184424","draft","","",""
"sc-claim-property-damaged-lost-in-business-care:breach-of-standard-of-care-property-in-care","claim-type","small-claims","intake","The business's conduct breached the standard of care

Conduct is negligent if it creates an unreasonable risk of harm. What specifically counted as unreasonable handling or safekeeping in a given situation is a further, fact-specific question this general standard doesn't itself resolve.","https://www.canlii.org/en/ca/scc/doc/2008/2008scc27/2008scc27.html","Claim type ""Property damaged, lost, or not returned while left in a business's care"" — readiness and Statement of Claim","450765763","draft","","",""
"sc-claim-property-damaged-lost-in-business-care:damage-or-loss-to-property-in-care","claim-type","small-claims","intake","The plaintiff sustained damage

A negligence claim generally requires that the plaintiff sustained damage -- here, damage to, or loss of, the property left with the business.","https://www.canlii.org/en/ca/scc/doc/2008/2008scc27/2008scc27.html","Claim type ""Property damaged, lost, or not returned while left in a business's care"" — readiness and Statement of Claim","69094551","draft","","",""
"sc-claim-property-damaged-lost-in-business-care:causation-property-in-care","claim-type","small-claims","intake","The damage or loss was caused, in fact and in law, by the business's breach

Causation has two parts: whether the breach caused the harm in fact, and whether it also caused the harm in law. The factual part is generally tested with the ""but for"" test -- the plaintiff must show, on a balance of probabilities, that the damage or loss would not have occurred but for the defendant's negligent act. That is a factual inquiry, applied in a robust, common-sense way: scientific evidence of precisely how much the defendant's negligence contributed is not required. (There is a narrow exception where multiple possible wrongdoers are involved -- see ""The elements of a negligence claim"" for the fuller general framework, including when that exception applies.) The legal part asks whether the harm is too remote to fairly hold the defendant liable for it, judged by whether it was a real, reasonably foreseeable risk.","https://www.canlii.org/en/ca/scc/doc/2012/2012scc32/2012scc32.html","Claim type ""Property damaged, lost, or not returned while left in a business's care"" — readiness and Statement of Claim","157862259","draft","","",""
"sc-claim-property-damaged-lost-in-business-care:amount-within-jurisdiction-property-in-care","claim-type","small-claims","intake","The amount claimed falls within Small Claims Court's jurisdiction

The Small Claims Court has jurisdiction in any action for the payment of money where the amount claimed does not exceed the prescribed amount ($50,000, excluding interest and costs) -- this is a monetary jurisdiction, not a subject-matter one.","https://www.ontario.ca/laws/docs/90c43_e.doc","Claim type ""Property damaged, lost, or not returned while left in a business's care"" — readiness and Statement of Claim","114098884","draft","","",""
"depth-cs-children-ages","depth-question","small-claims","depth","How old is each child, and what is each of them doing now?","","Depth phase, asked per claim-type element","1893595915","draft","","",""
"depth-cs-other-parent","depth-question","small-claims","depth","Who is the other parent, and what is their relationship to the children?","","Depth phase, asked per claim-type element","710018310","draft","","",""
"depth-cs-parenting-time","depth-question","small-claims","depth","In a typical year, roughly how many days or nights do the children spend with each of you?","","Depth phase, asked per claim-type element","1289469744","draft","","",""
"depth-cs-income-table","depth-question","small-claims","depth","What figure are you using for annual income, and where does that figure come from?","","Depth phase, asked per claim-type element","467503677","draft","","",""
"depth-cs-spousal-support-gate","depth-question","small-claims","depth","Does spousal support get paid between you and the other parent, in either direction?","","Depth phase, asked per claim-type element","1997322636","draft","","",""
"depth-cs-section-7-expenses","depth-question","small-claims","depth","What extra costs are you paying for the children, and roughly how much a year?","","Depth phase, asked per claim-type element","555677263","draft","","",""
"depth-cs-insurance-share","depth-question","small-claims","depth","What does the children's share of any medical or dental insurance premiums come to?","","Depth phase, asked per claim-type element","469683429","draft","","",""
"depth-cs-income-section-7","depth-question","small-claims","depth","Because spousal support moves between you, the Guidelines use a different income figure for special expenses than for the table amount. What figure are you using for the special-expenses calculation, and where does it come from?","","Depth phase, asked per claim-type element","53942845","draft","","",""
"depth-cs-income-documents","depth-question","small-claims","depth","Which of the income documents do you have to hand?","","Depth phase, asked per claim-type element","1150087049","draft","","",""
"depth-slip-occupier","depth-question","small-claims","depth","Whose property was it, and what do you know about who looks after it?","","Depth phase, asked per claim-type element","242140018","draft","","",""
"depth-slip-condition","depth-question","small-claims","depth","What was the condition that caused the fall, and what did it look like?","","Depth phase, asked per claim-type element","89506951","draft","","",""
"depth-slip-injury","depth-question","small-claims","depth","What injury did you have, and what treatment did you get?","","Depth phase, asked per claim-type element","643693339","draft","","",""
"depth-tow-where-parked","depth-question","small-claims","depth","Where was the vehicle parked when it was towed, and what were you told about why?","","Depth phase, asked per claim-type element","952361829","draft","","",""
"depth-tow-rate-disclosure","depth-question","small-claims","depth","Were you given anything in writing about the cost before or when you paid?","","Depth phase, asked per claim-type element","1871871605","draft","","",""
"depth-goods-contract-agreement","depth-question","small-claims","depth","What did you agree to buy, and how was it agreed?","","Depth phase, asked per claim-type element","137053495","draft","","",""
"depth-goods-not-as-agreed","depth-question","small-claims","depth","What did you receive, and how did it differ from what you expected?","","Depth phase, asked per claim-type element","1196027444","draft","","",""
"depth-goods-contract-loss","depth-question","small-claims","depth","What did this cost you, and how did you work that out?","","Depth phase, asked per claim-type element","2083683525","draft","","",""
"depth-dismissal-dates","depth-question","small-claims","depth","When did you start, and when did your employment end?","","Depth phase, asked per claim-type element","842655365","draft","","",""
"depth-dismissal-notice","depth-question","small-claims","depth","What notice or payment were you given when your employment ended?","","Depth phase, asked per claim-type element","1848898726","draft","","",""
"depth-dog-what-happened","depth-question","small-claims","depth","What happened, and where were you when it happened?","","Depth phase, asked per claim-type element","1588181214","draft","","",""
"depth-dog-owner","depth-question","small-claims","depth","What do you know about who the dog belongs to?","","Depth phase, asked per claim-type element","1096988757","draft","","",""
"depth-dog-loss","depth-question","small-claims","depth","What did this cost you, and how did you work that out?","","Depth phase, asked per claim-type element","2083683525","draft","","",""
"depth-services-agreement","depth-question","small-claims","depth","What work did you agree to, and how was it agreed?","","Depth phase, asked per claim-type element","583525146","draft","","",""
"depth-services-what-done","depth-question","small-claims","depth","What was actually done, and how did it differ from what you agreed?","","Depth phase, asked per claim-type element","653141029","draft","","",""
"depth-services-loss","depth-question","small-claims","depth","What did this cost you, and how did you work that out?","","Depth phase, asked per claim-type element","2083683525","draft","","",""
"depth-property-ownership","depth-question","small-claims","depth","What are the items, and how did you come to have them?","","Depth phase, asked per claim-type element","2040545132","draft","","",""
"depth-property-possession","depth-question","small-claims","depth","How did they come to have the items, and what have you asked them?","","Depth phase, asked per claim-type element","1022032328","draft","","",""
"depth-cancel-agreement-type","depth-question","small-claims","depth","What was the agreement for, and where did you sign it?","","Depth phase, asked per claim-type element","1796344198","draft","","",""
"depth-cancel-notice","depth-question","small-claims","depth","How and when did you tell them you were cancelling?","","Depth phase, asked per claim-type element","873695413","draft","","",""
"depth-cancel-refund","depth-question","small-claims","depth","What have you received back, and when?","","Depth phase, asked per claim-type element","64163999","draft","","",""
"depth-commercial-use","depth-question","small-claims","depth","What are the premises used for, and does anyone live there?","","Depth phase, asked per claim-type element","163245574","draft","","",""
"depth-commercial-terms","depth-question","small-claims","depth","What terms did you agree, and how were they set out?","","Depth phase, asked per claim-type element","1462475158","draft","","",""
"depth-nsf-cheque-for","depth-question","small-claims","depth","What was the cheque for, and when did you receive it?","","Depth phase, asked per claim-type element","1796678024","draft","","",""
"depth-nsf-returned","depth-question","small-claims","depth","What did your bank tell you when the cheque did not clear?","","Depth phase, asked per claim-type element","2035538426","draft","","",""
"depth-nsf-outstanding","depth-question","small-claims","depth","Has any of it been paid since, and how much is still owing?","","Depth phase, asked per claim-type element","1061234303","draft","","",""
"depth-wages-overtime","depth-question","small-claims","depth","What hours did you work beyond your normal hours, and what were you paid for them?","","Depth phase, asked per claim-type element","659065899","draft","","",""
"depth-wages-vacation","depth-question","small-claims","depth","What vacation did you take or build up, and what vacation pay did you receive?","","Depth phase, asked per claim-type element","165530348","draft","","",""
"depth-repair-estimate","depth-question","small-claims","depth","Before the work started, what were you told it would cost, and was any of it in writing?","","Depth phase, asked per claim-type element","957413392","draft","","",""
"depth-repair-charged","depth-question","small-claims","depth","What were you charged in the end, and how does that compare to what you were told?","","Depth phase, asked per claim-type element","1228459100","draft","","",""
"depth-repair-claim","depth-question","small-claims","depth","What are you asking for, and how did you work that out?","","Depth phase, asked per claim-type element","170357147","draft","","",""
"depth-condo-parties","depth-question","small-claims","depth","What is the corporation, and which unit is this about?","","Depth phase, asked per claim-type element","1695624389","draft","","",""
"depth-condo-arrears","depth-question","small-claims","depth","Which payments were missed, and for what period?","","Depth phase, asked per claim-type element","351409600","draft","","",""
"depth-defamation-publication","depth-question","small-claims","depth","Was any of this published in a newspaper or broadcast, and if so, when?","","Depth phase, asked per claim-type element","1236367970","draft","","",""
"depth-goods-agreement","depth-question","small-claims","depth","What did you and {defendantLabel} agree to, and how was it agreed?","","Depth phase, asked per claim-type element","1005232991","draft","","",""
"depth-goods-delivered","depth-question","small-claims","depth","What did you send or hand over, and when?","","Depth phase, asked per claim-type element","95439846","draft","","",""
"depth-goods-amount-unpaid","depth-question","small-claims","depth","How much is still owing, and how did you work that out?","","Depth phase, asked per claim-type element","1960973785","draft","","",""
"depth-cpa-representation","depth-question","small-claims","depth","What were you told, who told you, and when?","","Depth phase, asked per claim-type element","419632969","draft","","",""
"depth-cpa-withdrawal","depth-question","small-claims","depth","If you told them you were cancelling, when and how did you tell them?","","Depth phase, asked per claim-type element","1709752626","draft","","",""
"depth-cpa-loss","depth-question","small-claims","depth","What did this cost you, and how did you arrive at that figure?","","Depth phase, asked per claim-type element","1625482214","draft","","",""
"depth-vehicle-disclosure","depth-question","small-claims","depth","What were you told about the vehicle's history before you bought it, and what did you find out afterwards?","","Depth phase, asked per claim-type element","884773937","draft","","",""
"depth-vehicle-delivery-date","depth-question","small-claims","depth","When did you actually receive the vehicle?","","Depth phase, asked per claim-type element","1292902660","draft","","",""
"depth-vehicle-cancellation-date","depth-question","small-claims","depth","If you have told the dealer you are cancelling the contract, when did you tell them?","","Depth phase, asked per claim-type element","1918855971","draft","","",""
"depth-vehicle-loss","depth-question","small-claims","depth","What has this cost you, and how did you work that out?","","Depth phase, asked per claim-type element","1782113770","draft","","",""
"depth-accident-other-insurance","depth-question","small-claims","depth","What do you know about the other driver's insurance at the time of the accident?","","Depth phase, asked per claim-type element","21615476","draft","","",""
"depth-accident-where-when","depth-question","small-claims","depth","Where and when did the accident happen, and who was driving?","","Depth phase, asked per claim-type element","965315155","draft","","",""
"depth-accident-what-happened","depth-question","small-claims","depth","What did the other driver do, in your own words?","","Depth phase, asked per claim-type element","1385943299","draft","","",""
"depth-accident-damage","depth-question","small-claims","depth","What was damaged, and what state is it in now?","","Depth phase, asked per claim-type element","2107057113","draft","","",""
"depth-accident-pre-existing","depth-question","small-claims","depth","Was any of the damage there before the accident?","","Depth phase, asked per claim-type element","989545472","draft","","",""
"depth-bailment-what-left","depth-question","small-claims","depth","What did you leave with them, and what was the arrangement?","","Depth phase, asked per claim-type element","1282890901","draft","","",""
"depth-bailment-what-happened","depth-question","small-claims","depth","What happened to it while it was in their care, as far as you know?","","Depth phase, asked per claim-type element","8094656","draft","","",""
"depth-bailment-their-account","depth-question","small-claims","depth","What did the business tell you had happened?","","Depth phase, asked per claim-type element","1576104659","draft","","",""
"depth-bailment-condition","depth-question","small-claims","depth","What condition was it in when you left it, and what condition was it in when you got it back?","","Depth phase, asked per claim-type element","290629272","draft","","",""
"depth-bailment-pre-existing","depth-question","small-claims","depth","Was there anything wrong with it before you left it with them?","","Depth phase, asked per claim-type element","605072878","draft","","",""
"depth-contractor-loss","depth-question","small-claims","depth","What will it cost to put right, and where does that figure come from?","","Depth phase, asked per claim-type element","1215007529","draft","","",""
"depth-debt-agreement","depth-question","small-claims","depth","How was the arrangement with {defendantLabel} set up?","","Depth phase, asked per claim-type element","1623687213","draft","","",""
"depth-debt-work-done","depth-question","small-claims","depth","What did you provide, and when?","","Depth phase, asked per claim-type element","1815692709","draft","","",""
"depth-debt-amount-unpaid","depth-question","small-claims","depth","Has any part of {amountLabel} been paid?","","Depth phase, asked per claim-type element","1896330439","draft","","",""
"depth-defamation-communicated","depth-question","small-claims","depth","Apart from you, who saw or heard {subjectLabel}?","","Depth phase, asked per claim-type element","245919584","draft","","",""
"depth-defamation-newspaper-notice","depth-question","small-claims","depth","Did this involve a newspaper or a broadcast?","","Depth phase, asked per claim-type element","265309552","draft","","",""
"depth-contractor-agreement","depth-question","small-claims","depth","What was agreed with {defendantLabel} about the work?","","Depth phase, asked per claim-type element","1031878576","draft","","",""
"depth-contractor-damage","depth-question","small-claims","depth","What was damaged or left different from what was agreed?","","Depth phase, asked per claim-type element","47951159","draft","","",""
"depth-contractor-loss#2","depth-question","small-claims","depth","How was {amountLabel} worked out?","","Depth phase, asked per claim-type element","1595968682","draft","","",""
"depth-loan-agreement","depth-question","small-claims","depth","What was said or written about repaying the money?","","Depth phase, asked per claim-type element","853968596","draft","","",""
"depth-loan-unpaid","depth-question","small-claims","depth","Has any of it been repaid?","","Depth phase, asked per claim-type element","1116157010","draft","","",""
"next:small-claims:starting-case","next-step","small-claims","starting-case","An action is started by filing a Plaintiff's Claim (Form 7A) with the clerk, together with a copy for each defendant. A copy for each defendant is not required if the claim is filed electronically (r. 7.01 (1), (1.1)).

The claim must be served on the defendant within six months after the date it is issued. The court may extend that time, before or after the six months has passed (r. 8.01 (2)).

Service is proved by an Affidavit of Service (Form 8A), or by a lawyer or paralegal's Certificate of Service (Form 8B) where that licensee served it, or caused it to be served, and is satisfied service was effected (r. 8.09.1).","https://www.ontario.ca/laws/regulation/980258","Case summary and generated documents","338284919","draft","","",""
"next:small-claims:responding","next-step","small-claims","responding","A defendant who wishes to dispute a claim must, within 20 days of being served, serve a Defence (Form 9A) on every other party and file it with the clerk, with proof of service (r. 9.01).

Proof of service is an Affidavit of Service (Form 8A) or a lawyer or paralegal's Certificate of Service (Form 8B) (r. 8.09.1).","https://www.ontario.ca/laws/regulation/980258","Case summary and generated documents","1217826441","draft","","",""
"next:small-claims:already-started","next-step","small-claims","already-started","If no defence has been filed in time, the plaintiff may ask the clerk to note the defendant in default. The clerk requires a request to note in default (which may be made in Form 9B) and proof that the claim was served within the court's territorial division (r. 11.01 (1)).

If every defendant was served outside that territorial division, no defendant can be noted in default until an Affidavit for Jurisdiction (Form 11A) is filed with the clerk, or the point is proved before a judge (r. 11.01 (3)).","https://www.ontario.ca/laws/regulation/980258","Case summary and generated documents","1750412637","draft","","",""
"next:small-claims:conference","next-step","small-claims","conference","Documents not already attached to the claim or defence must be served and filed at least 14 days before a settlement conference.

A List of Proposed Witnesses (Form 13A) must be served at least 14 days before the settlement conference.","https://www.ontario.ca/document/guide-procedures-small-claims-court/getting-ready-court","Case summary and generated documents","297883118","draft","","",""
"next:small-claims:motion","next-step","small-claims","motion","A motion is made by a notice of motion and supporting affidavit (Form 15A).

It must be served on every party who has filed a claim, and any defendant not noted in default, at least seven days before the hearing date, and filed with proof of service at least three days before the hearing date (r. 15.01 (1), (3)).","https://www.ontario.ca/laws/regulation/980258","Case summary and generated documents","1117058981","draft","","",""
"next:small-claims:trial","next-step","small-claims","trial","Documents not already attached to the claim or defence must be served and filed at least 30 days before the trial date.

Service of a summons to witness, and the payment or tender of attendance money, may be proved by an Affidavit of Service (Form 8A) or a lawyer or paralegal's Certificate of Service (Form 8B) (r. 18.03 (4)).","https://www.ontario.ca/laws/regulation/980258","Case summary and generated documents","1009126132","draft","","",""
"next:small-claims:enforcement","next-step","small-claims","enforcement","[NEEDS LICENSEE REVIEW: Small Claims enforcement steps. O. Reg. 258/98 r. 20 is vendored in docs/sources/oreg-258-98-cited-rules.txt and names the forms (20A certificate of judgment, 20C and 20D writs of seizure and sale, 20P affidavit for enforcement request), but no reviewed user-facing next-step wording exists yet]","https://www.ontario.ca/laws/regulation/980258","Case summary and generated documents","323315835","draft","","",""
"next:small-claims:urgent","next-step","small-claims","urgent","[NEEDS LICENSEE REVIEW: what a self-represented person should do when a Small Claims matter is urgent. This is not a procedural stage in the Rules and has no provision to cite]","","Case summary and generated documents","660726751","draft","","",""
"next:small-claims:not-sure","next-step","small-claims","not-sure","[NEEDS LICENSEE REVIEW: guidance for a user who cannot identify their stage. Should direct to the referral resources rather than guess at a procedural step]","","Case summary and generated documents","98368304","draft","","",""
"next:family:starting-case","next-step","family","starting-case","[NEEDS LICENSEE REVIEW: Family next steps for the ""starting-case"" stage. O. Reg. 114/99 rr. 2, 6, 8, 10, 14 and 17 are vendored in docs/sources/flr-stage-rules.txt, but no reviewed user-facing next-step wording exists for this pathway]","https://www.ontario.ca/laws/regulation/990114","Case summary and generated documents","2134074063","draft","","",""
"next:family:responding","next-step","family","responding","[NEEDS LICENSEE REVIEW: Family next steps for the ""responding"" stage. O. Reg. 114/99 rr. 2, 6, 8, 10, 14 and 17 are vendored in docs/sources/flr-stage-rules.txt, but no reviewed user-facing next-step wording exists for this pathway]","https://www.ontario.ca/laws/regulation/990114","Case summary and generated documents","1519707851","draft","","",""
"next:family:already-started","next-step","family","already-started","[NEEDS LICENSEE REVIEW: Family next steps for the ""already-started"" stage. O. Reg. 114/99 rr. 2, 6, 8, 10, 14 and 17 are vendored in docs/sources/flr-stage-rules.txt, but no reviewed user-facing next-step wording exists for this pathway]","https://www.ontario.ca/laws/regulation/990114","Case summary and generated documents","1805403934","draft","","",""
"next:family:conference","next-step","family","conference","[NEEDS LICENSEE REVIEW: Family next steps for the ""conference"" stage. O. Reg. 114/99 rr. 2, 6, 8, 10, 14 and 17 are vendored in docs/sources/flr-stage-rules.txt, but no reviewed user-facing next-step wording exists for this pathway]","https://www.ontario.ca/laws/regulation/990114","Case summary and generated documents","116008986","draft","","",""
"next:family:motion","next-step","family","motion","[NEEDS LICENSEE REVIEW: Family next steps for the ""motion"" stage. O. Reg. 114/99 rr. 2, 6, 8, 10, 14 and 17 are vendored in docs/sources/flr-stage-rules.txt, but no reviewed user-facing next-step wording exists for this pathway]","https://www.ontario.ca/laws/regulation/990114","Case summary and generated documents","1583167988","draft","","",""
"next:family:trial","next-step","family","trial","[NEEDS LICENSEE REVIEW: Family next steps for the ""trial"" stage. O. Reg. 114/99 rr. 2, 6, 8, 10, 14 and 17 are vendored in docs/sources/flr-stage-rules.txt, but no reviewed user-facing next-step wording exists for this pathway]","https://www.ontario.ca/laws/regulation/990114","Case summary and generated documents","481655016","draft","","",""
"next:family:enforcement","next-step","family","enforcement","[NEEDS LICENSEE REVIEW: Family next steps for the ""enforcement"" stage. O. Reg. 114/99 rr. 2, 6, 8, 10, 14 and 17 are vendored in docs/sources/flr-stage-rules.txt, but no reviewed user-facing next-step wording exists for this pathway]","https://www.ontario.ca/laws/regulation/990114","Case summary and generated documents","1419607250","draft","","",""
"next:family:urgent","next-step","family","urgent","[NEEDS LICENSEE REVIEW: Family next steps for the ""urgent"" stage. O. Reg. 114/99 rr. 2, 6, 8, 10, 14 and 17 are vendored in docs/sources/flr-stage-rules.txt, but no reviewed user-facing next-step wording exists for this pathway]","https://www.ontario.ca/laws/regulation/990114","Case summary and generated documents","1407665759","draft","","",""
"next:family:not-sure","next-step","family","not-sure","[NEEDS LICENSEE REVIEW: Family next steps for the ""not-sure"" stage. O. Reg. 114/99 rr. 2, 6, 8, 10, 14 and 17 are vendored in docs/sources/flr-stage-rules.txt, but no reviewed user-facing next-step wording exists for this pathway]","https://www.ontario.ca/laws/regulation/990114","Case summary and generated documents","1864470227","draft","","",""
"next:civil:starting-case","next-step","civil","starting-case","[NEEDS LICENSEE REVIEW: Superior Court (Civil) next steps for the ""starting-case"" stage. R.R.O. 1990, Reg. 194 rr. 16.09, 29.1.03, 30.03, 31.05.1, 48.02, 48.14 and 50.02 are vendored in docs/sources/rcp-cited-rules.txt, but no reviewed user-facing next-step wording exists for this pathway]","https://www.ontario.ca/laws/regulation/900194","Case summary and generated documents","1556441140","draft","","",""
"next:civil:responding","next-step","civil","responding","[NEEDS LICENSEE REVIEW: Superior Court (Civil) next steps for the ""responding"" stage. R.R.O. 1990, Reg. 194 rr. 16.09, 29.1.03, 30.03, 31.05.1, 48.02, 48.14 and 50.02 are vendored in docs/sources/rcp-cited-rules.txt, but no reviewed user-facing next-step wording exists for this pathway]","https://www.ontario.ca/laws/regulation/900194","Case summary and generated documents","483813444","draft","","",""
"next:civil:already-started","next-step","civil","already-started","[NEEDS LICENSEE REVIEW: Superior Court (Civil) next steps for the ""already-started"" stage. R.R.O. 1990, Reg. 194 rr. 16.09, 29.1.03, 30.03, 31.05.1, 48.02, 48.14 and 50.02 are vendored in docs/sources/rcp-cited-rules.txt, but no reviewed user-facing next-step wording exists for this pathway]","https://www.ontario.ca/laws/regulation/900194","Case summary and generated documents","1649142243","draft","","",""
"next:civil:conference","next-step","civil","conference","[NEEDS LICENSEE REVIEW: Superior Court (Civil) next steps for the ""conference"" stage. R.R.O. 1990, Reg. 194 rr. 16.09, 29.1.03, 30.03, 31.05.1, 48.02, 48.14 and 50.02 are vendored in docs/sources/rcp-cited-rules.txt, but no reviewed user-facing next-step wording exists for this pathway]","https://www.ontario.ca/laws/regulation/900194","Case summary and generated documents","765102989","draft","","",""
"next:civil:motion","next-step","civil","motion","[NEEDS LICENSEE REVIEW: Superior Court (Civil) next steps for the ""motion"" stage. R.R.O. 1990, Reg. 194 rr. 16.09, 29.1.03, 30.03, 31.05.1, 48.02, 48.14 and 50.02 are vendored in docs/sources/rcp-cited-rules.txt, but no reviewed user-facing next-step wording exists for this pathway]","https://www.ontario.ca/laws/regulation/900194","Case summary and generated documents","2144939149","draft","","",""
"next:civil:trial","next-step","civil","trial","[NEEDS LICENSEE REVIEW: Superior Court (Civil) next steps for the ""trial"" stage. R.R.O. 1990, Reg. 194 rr. 16.09, 29.1.03, 30.03, 31.05.1, 48.02, 48.14 and 50.02 are vendored in docs/sources/rcp-cited-rules.txt, but no reviewed user-facing next-step wording exists for this pathway]","https://www.ontario.ca/laws/regulation/900194","Case summary and generated documents","319008365","draft","","",""
"next:civil:enforcement","next-step","civil","enforcement","[NEEDS LICENSEE REVIEW: Superior Court (Civil) next steps for the ""enforcement"" stage. R.R.O. 1990, Reg. 194 rr. 16.09, 29.1.03, 30.03, 31.05.1, 48.02, 48.14 and 50.02 are vendored in docs/sources/rcp-cited-rules.txt, but no reviewed user-facing next-step wording exists for this pathway]","https://www.ontario.ca/laws/regulation/900194","Case summary and generated documents","2118001385","draft","","",""
"next:civil:urgent","next-step","civil","urgent","[NEEDS LICENSEE REVIEW: Superior Court (Civil) next steps for the ""urgent"" stage. R.R.O. 1990, Reg. 194 rr. 16.09, 29.1.03, 30.03, 31.05.1, 48.02, 48.14 and 50.02 are vendored in docs/sources/rcp-cited-rules.txt, but no reviewed user-facing next-step wording exists for this pathway]","https://www.ontario.ca/laws/regulation/900194","Case summary and generated documents","1809124184","draft","","",""
"next:civil:not-sure","next-step","civil","not-sure","[NEEDS LICENSEE REVIEW: Superior Court (Civil) next steps for the ""not-sure"" stage. R.R.O. 1990, Reg. 194 rr. 16.09, 29.1.03, 30.03, 31.05.1, 48.02, 48.14 and 50.02 are vendored in docs/sources/rcp-cited-rules.txt, but no reviewed user-facing next-step wording exists for this pathway]","https://www.ontario.ca/laws/regulation/900194","Case summary and generated documents","1257308006","draft","","",""
"pathway:small-claims","pathway-description","small-claims","routing","Small Claims Court handles claims for money or the return of personal property up to $50,000, not counting interest and costs. The limit rose from $35,000 on October 1, 2025.","https://www.ontario.ca/page/suing-someone-small-claims-court","Home, after court-path classification","1358565618","draft","","",""
"pathway:civil","pathway-description","civil","routing","The Superior Court of Justice hears civil claims, including those above the Small Claims Court limit. Its procedure is set by the Rules of Civil Procedure, R.R.O. 1990, Reg. 194.","https://www.ontario.ca/laws/regulation/900194","Home, after court-path classification","498822497","draft","","",""
"pathway:family","pathway-description","family","routing","Family Court deals with matters such as parenting, child and spousal support, and property on the breakdown of a relationship. Its procedure is set by the Family Law Rules, O. Reg. 114/99.","https://www.ontario.ca/laws/regulation/990114","Home, after court-path classification","2051560441","draft","","",""
"pathway:mixed","pathway-description","mixed","routing","What you have described may involve more than one of Family, Small Claims and Civil. You can choose which to start with, and you can change your choice later.","","Home, after court-path classification","1808755017","draft","","",""
"pathway:ltb","pathway-description","ltb","routing","The Landlord and Tenant Board resolves disputes between residential landlords and tenants, including rent, maintenance and eviction. CourtSimplified does not cover it.","https://tribunalsontario.ca/ltb/","Home, after court-path classification","542477143","draft","","",""
"pathway:hrto","pathway-description","hrto","routing","The Human Rights Tribunal of Ontario deals with claims of discrimination and harassment under the Human Rights Code, including the duty to accommodate. CourtSimplified does not cover it.","https://tribunalsontario.ca/hrto/","Home, after court-path classification","295896769","draft","","",""
"pathway:wsiat","pathway-description","wsiat","routing","WSIAT hears appeals about workplace injury and workers' compensation decisions. CourtSimplified does not cover it.","https://www.wsiat.on.ca/","Home, after court-path classification","1942090922","draft","","",""
"pathway:cat","pathway-description","cat","routing","The Condominium Authority Tribunal resolves certain disputes between condominium corporations and owners. CourtSimplified does not cover it.","https://www.condoauthorityontario.ca/tribunal/","Home, after court-path classification","586270872","draft","","",""
"pathway:social-benefits-tribunal","pathway-description","social-benefits-tribunal","routing","The Social Benefits Tribunal hears appeals about Ontario Works and Ontario Disability Support Program decisions. CourtSimplified does not cover it.","https://tribunalsontario.ca/sbt/","Home, after court-path classification","393088857","draft","","",""
"pathway:lat","pathway-description","lat","routing","The Licence Appeal Tribunal hears disputes about statutory accident benefits and certain licensing decisions. CourtSimplified does not cover it.","https://tribunalsontario.ca/lat/","Home, after court-path classification","165550492","draft","","",""
"pathway:divisional-court","pathway-description","divisional-court","routing","The Divisional Court hears judicial review of decisions made by government bodies and tribunals, and certain appeals. CourtSimplified does not cover it.","https://www.ontariocourts.ca/scj/divisional-court/","Home, after court-path classification","541335678","draft","","",""
"pathway:immigration","pathway-description","immigration","routing","Immigration and refugee matters are federal and are dealt with by the Immigration and Refugee Board. CourtSimplified does not cover them.","https://irb.gc.ca/en/Pages/index.aspx","Home, after court-path classification","269752178","draft","","",""
"pathway:criminal-related","pathway-description","criminal-related","routing","[NEEDS LICENSEE REVIEW: wording for someone describing a criminal charge or criminal court process. This needs care: it should direct to duty counsel and Legal Aid Ontario without implying anything about their situation]","","Home, after court-path classification","354718079","draft","","",""
"form:small-claims:7A","form-guidance","small-claims","forms","Plaintiff’s Claim

Starts a Small Claims Court case by setting out who is suing, who is being sued, what happened, and what money or remedy is being claimed.","","Forms guidance","1700112478","draft","","",""
"form:small-claims:8A","form-guidance","small-claims","forms","Affidavit of Service

Proves that court documents were served on another party.","","Forms guidance","1086710109","draft","","",""
"form:small-claims:9A","form-guidance","small-claims","forms","Defence

Allows a defendant to respond to a Plaintiff’s Claim by admitting, denying, or disputing what is claimed.","","Forms guidance","1374737376","draft","","",""
"form:small-claims:14A","form-guidance","small-claims","forms","Offer to Settle

Sets out a formal settlement proposal.","","Forms guidance","1871816862","draft","","",""
"form:small-claims:13B","form-guidance","small-claims","forms","List of Proposed Witnesses

Identifies witnesses the party expects to rely on at trial.","","Forms guidance","858323895","draft","","",""
"form:family:8","form-guidance","family","forms","Application

Starts most family court cases by telling the court what orders the applicant is asking for.","","Forms guidance","1584168478","draft","","",""
"form:family:10","form-guidance","family","forms","Answer

Allows the respondent to answer a family Application and say what they agree with, disagree with, and what orders they want.","","Forms guidance","1165858709","draft","","",""
"form:family:13","form-guidance","family","forms","Financial Statement

Provides financial disclosure for support or financial claims.","","Forms guidance","1126293553","draft","","",""
"form:family:35.1","form-guidance","family","forms","Affidavit in Support of Claim for Custody or Access

Provides parenting-related information when parenting/decision-making or contact with a child is in issue.","","Forms guidance","5174757","draft","","",""
"form:civil:14A","form-guidance","civil","forms","Statement of Claim

Starts many civil actions by pleading material facts, causes of action, parties, damages, and remedies.","","Forms guidance","878819551","draft","","",""
"form:civil:18A","form-guidance","civil","forms","Statement of Defence

Allows a defendant in a civil action to respond to the Statement of Claim.","","Forms guidance","680377385","draft","","",""
"form:civil:16B","form-guidance","civil","forms","Affidavit of Service

Proves that a civil court document was served.","","Forms guidance","92574498","draft","","",""
"family-violence-support-resources","safety-resource","family","all","Support if family violence is part of your situation

If family violence is part of what you're dealing with, Ontario has support services separate from the court process itself. A Family Court Support Worker can help you understand and go through the family court process if you're a victim of domestic violence -- Family Court Support Workers do not give legal advice, but they can help you understand what's happening and connect you to other services. Every courthouse also has a Family Law Information Centre (FLIC) that provides information about the court process and referrals to local resources.

Ontario also names specific support organizations for family violence:
- Assaulted Women's Helpline: 1-866-863-0511 (toll-free), or 416-863-0511
- Fem'aide (French-language support): 1-877-336-2433 (toll-free)
- Victim Support Line: 1-888-579-2888 (toll-free), or 416-314-2447

The Family Court Support Worker Program and the Family Law Information Centre are delivered locally through each court location rather than through a single province-wide phone number. To find the Family Court Support Worker for your court, use Ontario's own listing of service providers by court location, which links directly to the organization delivering the program there. To reach the Family Law Information Centre, contact or visit the courthouse handling your case -- Ontario's own courthouse listing gives the address and contact information, including a phone number, for each location.","https://www.ontario.ca/page/violence-family","Family intake and overview","1172542109","draft","","",""
"sc-remedy-monetary-judgment","remedy","small-claims","readiness","Money judgments

Small Claims Court can order one party to pay money to another, up to $50,000 (not counting interest and costs). This is the most common kind of order the court makes. See the education topic on the $50,000 limit for how that cap works.","https://www.ontario.ca/page/suing-someone-small-claims-court","Readiness gate, remedy confirmation","2133633764","draft","","",""
"sc-remedy-return-of-property","remedy","small-claims","readiness","Return of personal property

Alongside money, Small Claims Court can order the return of specific personal property -- for example, an item someone is holding onto that belongs to someone else. This is generally only available for personal property (belongings, not land or buildings), and is part of the same $50,000 jurisdiction that applies to money claims.","https://www.ontario.ca/document/guide-procedures-small-claims-court/making-claim","Readiness gate, remedy confirmation","1058830783","draft","","",""
"sc-remedy-outside-jurisdiction","remedy","small-claims","readiness","What Small Claims Court generally doesn't handle

Small Claims Court's jurisdiction is generally limited to two kinds of remedies: money, and the return of personal property, each up to $50,000. If what someone is looking for doesn't fit either of those -- for example, asking a court to order someone to do or stop doing something, rather than pay money or return an item -- that generally falls outside what Small Claims Court can order, and would typically need to go to a different court instead.","https://www.ontariocourts.ca/scj/small-claims-court/","Readiness gate, remedy confirmation","1573385022","draft","","",""
"sc-remedy-interest-and-costs","remedy","small-claims","readiness","Interest and costs

Interest and costs (such as court filing fees) are generally handled separately from, and in addition to, the amount claimed -- they don't count against the $50,000 limit. Whether interest or costs are awarded, and how much, depends on the specific case; this is general information that these can be part of an order, not a specific amount for any claim.","https://www.ontario.ca/document/guide-procedures-small-claims-court/making-claim","Readiness gate, remedy confirmation","1646982257","draft","","",""
